Accident_ID,District,Police_Station,Accident_DateTime,Latitude,Longitude,Road_Name,Road_Classification,Severity,No_of_Vehicles,Drivers_Killed,Drivers_Grievous_Injury,Drivers_Minor_Injury,Passengers_Killed,Passengers_Grievous_Injury,Passengers_Minor_Injury,Pedestrians_Killed,Pedestrians_Grievous_Injury,Pedestrians_Minor_Injury,Collision_Type,Collision_Feature,Weather_Condition,Light_Condition,Visibility,Traffic_Violation,Date,Year,Month,Hour,DayOfWeek,Month_Name,Severity_Score,Total_Killed,Total_Injured,Time_Category,DBSCAN_Cluster
ACC00277,Junagadh,Junagadh City PS,2022-01-24 09:28:00,21.500949,71.006487,Ring Road,District Road,Minor,4,0,0,1,0,0,2,0,0,0,Side Impact,Straight Road,Unknown,Night - Street Light On,Unknown,Unknown,2022-01-24,2022,1,9,Monday,Jan,1,0,3,Morning,70
ACC00278,Vadodara,Gotri PS,2024-11-26 17:08:00,21.58792,70.958189,Expressway,Urban Road,Minor,1,0,0,1,0,0,2,0,0,1,Rear-End,Straight Road,Foggy,Night - No Street Light,Moderate,Drunk Driving,2024-11-26,2024,11,17,Tuesday,Nov,1,0,4,Afternoon,70
ACC00279,Bharuch,Bharuch City PS,2023-12-09 22:24:00,24.585881,69.107368,Airport Road,National Highway,Fatal,2,0,1,1,2,2,1,0,1,1,Hit & Run,Unknown,Rainy,Night - No Street Light,Moderate,Signal Jumping,2023-12-09,2023,12,22,Saturday,Dec,3,2,7,Night,4
ACC00280,Vadodara,Sayajigunj PS,2021-09-27 06:00:00,21.26431,73.48909,Airport Road,Urban Road,Minor,4,0,0,2,0,0,1,0,0,1,Pedestrian Hit,Unknown,Cloudy,Night - Street Light On,Moderate,Unknown,2021-09-27,2021,9,6,Monday,Sep,1,0,4,Morning,-1
ACC00281,Ahmedabad,Bapunagar PS,2024-05-14 00:15:00,21.37932,73.266765,SH-6,Urban Road,Grievous,1,0,3,2,0,1,0,0,0,1,Head-On,Straight Road,Unknown,Night - No Street Light,Good,Signal Jumping,2024-05-14,2024,5,0,Tuesday,May,2,0,7,Night,19
ACC00282,Surat,Udhna PS,2023-05-04 05:10:00,22.911013,71.848305,NH-8,National Highway,Fatal,3,1,1,0,1,0,2,1,1,1,Rollover,Bridge,Unknown,Night - No Street Light,Good,Drunk Driving,2023-05-04,2023,5,5,Thursday,May,3,3,5,Night,-1
ACC00283,Vadodara,Sayajigunj PS,2024-11-23 08:21:00,22.513373,71.955939,NH-27,State Highway,Minor,3,0,0,2,0,0,2,0,0,1,Rollover,Pothole Area,Hazy,Daylight,Unknown,Unknown,2024-11-23,2024,11,8,Saturday,Nov,1,0,5,Morning,-1
ACC00284,Gandhinagar,Dehgam PS,2024-03-23 19:22:00,22.925734,72.693864,Bypass Road,State Highway,Minor,1,0,0,1,0,0,1,0,0,0,Hit & Run,Speed Breaker,Rainy,Night - No Street Light,Moderate,Over Speeding,2024-03-23,2024,3,19,Saturday,Mar,1,0,2,Evening,-1
ACC00285,Rajkot,Bhaktinagar PS,2023-04-30 13:02:00,22.677911,68.171173,SH-6,Rural Road,Grievous,3,0,1,0,0,1,2,0,1,1,Single Vehicle,Flyover,Clear,Night - No Street Light,Poor,Unknown,2023-04-30,2023,4,13,Sunday,Apr,2,0,6,Afternoon,-1
ACC00286,Bhavnagar,Mahuva PS,2021-03-01 05:12:00,21.65451,73.871827,NH-8,District Road,Minor,4,0,0,3,0,0,0,0,0,1,Head-On,Bridge,Rainy,Dawn/Dusk,Poor,Overloading,2021-03-01,2021,3,5,Monday,Mar,1,0,4,Night,71
ACC00287,Bhavnagar,Talaja PS,2024-02-12 17:01:00,23.253269,73.694586,SH-20,State Highway,Minor,2,0,0,3,0,0,2,0,0,1,Head-On,Junction/Intersection,Clear,Night - No Street Light,Unknown,Unknown,2024-02-12,2024,2,17,Monday,Feb,1,0,6,Afternoon,-1
ACC00288,Vadodara,Gotri PS,2021-08-28 09:45:00,23.365264,68.646826,SH-6,Urban Road,Damage Only,3,0,0,0,0,0,0,0,0,0,Side Impact,Junction/Intersection,Rainy,Night - No Street Light,Moderate,Drunk Driving,2021-08-28,2021,8,9,Saturday,Aug,0,0,0,Morning,50
ACC00289,Surat,Katargam PS,2021-07-09 14:32:00,22.320251,69.298334,Bypass Road,National Highway,Damage Only,2,0,0,0,0,0,0,0,0,0,Single Vehicle,Junction/Intersection,Foggy,Night - Street Light On,Good,Unknown,2021-07-09,2021,7,14,Friday,Jul,0,0,0,Afternoon,14
ACC00290,Rajkot,Rajkot Central PS,2023-07-30 12:45:00,20.632846,68.377389,SH-41,District Road,Grievous,3,0,3,0,0,2,1,0,1,0,Rollover,Junction/Intersection,Cloudy,Daylight,Good,Unknown,2023-07-30,2023,7,12,Sunday,Jul,2,0,7,Afternoon,-1
ACC00291,Rajkot,Mavdi PS,2022-08-10 08:34:00,22.129132,69.040721,SH-14,District Road,Damage Only,3,0,0,0,0,0,0,0,0,0,Head-On,Unknown,Hazy,Daylight,Moderate,Unknown,2022-08-10,2022,8,8,Wednesday,Aug,0,0,0,Morning,14
ACC00292,Junagadh,Veraval PS,2022-07-10 04:45:00,22.740782,70.061679,SH-20,District Road,Grievous,4,0,1,0,0,1,1,0,1,0,Rollover,Curve,Clear,Dawn/Dusk,Good,Drunk Driving,2022-07-10,2022,7,4,Sunday,Jul,2,0,4,Night,37
ACC00293,Bhavnagar,Talaja PS,2022-10-02 10:52:00,23.588652,68.594837,NH-8,District Road,Grievous,3,0,3,2,0,1,2,0,0,1,Pedestrian Hit,Curve,Clear,Dawn/Dusk,Good,Overloading,2022-10-02,2022,10,10,Sunday,Oct,2,0,9,Morning,50
ACC00294,Rajkot,Mavdi PS,2024-06-17 08:58:00,20.943424,70.181066,SH-41,National Highway,Fatal,4,1,2,1,0,0,2,1,1,0,Side Impact,Straight Road,Clear,Dawn/Dusk,Good,No Helmet,2024-06-17,2024,6,8,Monday,Jun,3,2,6,Morning,-1
ACC00295,Ahmedabad,Chandkheda PS,2024-02-13 20:04:00,22.55063,70.704684,Industrial Road,National Highway,Grievous,4,0,3,1,0,2,1,0,0,0,Rear-End,Bridge,Cloudy,Daylight,Poor,Wrong Side Driving,2024-02-13,2024,2,20,Tuesday,Feb,2,0,7,Evening,5
ACC00296,Ahmedabad,Bapunagar PS,2023-09-24 03:37:00,21.596739,70.904862,SH-14,National Highway,Minor,1,0,0,1,0,0,0,0,0,0,Hit & Run,Straight Road,Unknown,Dawn/Dusk,Poor,Overloading,2023-09-24,2023,9,3,Sunday,Sep,1,0,1,Night,70
ACC00297,Bhavnagar,Bhavnagar City PS,2021-10-28 21:09:00,21.440915,70.917107,SH-6,National Highway,Grievous,1,0,1,2,0,2,2,0,0,1,Single Vehicle,Junction/Intersection,Hazy,Night - No Street Light,Unknown,No Helmet,2021-10-28,2021,10,21,Thursday,Oct,2,0,8,Evening,70
ACC00299,Anand,Borsad PS,2024-01-22 06:42:00,20.739717,73.412964,SH-20,Urban Road,Grievous,1,0,1,2,0,2,0,0,1,1,Pedestrian Hit,Junction/Intersection,Unknown,Night - Street Light On,Moderate,Over Speeding,2024-01-22,2024,1,6,Monday,Jan,2,0,7,Morning,-1
ACC00300,Vadodara,Sayajigunj PS,2021-10-09 20:51:00,22.197732,71.907906,Ring Road,National Highway,Fatal,2,0,2,1,1,2,0,0,1,1,Rollover,Speed Breaker,Cloudy,Dawn/Dusk,Unknown,No Helmet,2021-10-09,2021,10,20,Saturday,Oct,3,1,7,Evening,32
ACC00301,Junagadh,Manavadar PS,2023-01-22 01:02:00,23.34246,71.133657,Expressway,National Highway,Grievous,1,0,3,2,0,0,0,0,0,1,Head-On,Pothole Area,Hazy,Night - No Street Light,Unknown,Unknown,2023-01-22,2023,1,1,Sunday,Jan,2,0,6,Night,9
ACC00303,Bhavnagar,Sihor PS,2024-03-19 01:42:00,23.820921,69.906939,NH-27,National Highway,Minor,3,0,0,2,0,0,1,0,0,0,Rear-End,Flyover,Foggy,Night - No Street Light,Moderate,Unknown,2024-03-19,2024,3,1,Tuesday,Mar,1,0,3,Night,9
ACC00304,Ahmedabad,Bapunagar PS,2021-12-24 18:47:00,22.154605,69.745891,Expressway,State Highway,Grievous,2,0,1,2,0,1,1,0,0,1,Rear-End,Flyover,Hazy,Daylight,Poor,Drunk Driving,2021-12-24,2021,12,18,Friday,Dec,2,0,6,Evening,1
ACC00305,Mehsana,Unjha PS,2022-03-08 18:46:00,20.349899,73.263045,NH-48,District Road,Minor,4,0,0,2,0,0,1,0,0,0,Rear-End,Bridge,Foggy,Dawn/Dusk,Moderate,No Seatbelt,2022-03-08,2022,3,18,Tuesday,Mar,1,0,3,Evening,72
ACC00306,Junagadh,Porbandar PS,2021-01-25 09:59:00,21.857219,71.440597,NH-48,National Highway,Minor,0,0,0,2,0,0,0,0,0,1,Head-On,Pothole Area,Foggy,Dawn/Dusk,Poor,No Helmet,2021-01-25,2021,1,9,Monday,Jan,1,0,3,Morning,2
ACC00307,Bhavnagar,Palitana PS,2023-08-03 21:47:00,23.190693,71.3757,City Road,District Road,Fatal,1,1,1,1,0,2,0,0,1,1,Single Vehicle,Junction/Intersection,Hazy,Daylight,Good,Drunk Driving,2023-08-03,2023,8,21,Thursday,Aug,3,1,6,Evening,3
ACC00308,Rajkot,Rajkot Central PS,2021-02-18 19:05:00,22.833037,69.465996,Industrial Road,Urban Road,Damage Only,2,0,0,0,0,0,0,0,0,0,Single Vehicle,Straight Road,Clear,Night - Street Light On,Unknown,Unknown,2021-02-18,2021,2,19,Thursday,Feb,0,0,0,Evening,22
ACC00309,Ahmedabad,Maninagar PS,2022-06-03 09:29:00,20.448285,74.370058,NH-8,National Highway,Grievous,3,0,2,0,0,1,1,0,1,0,Hit & Run,Pothole Area,Foggy,Night - No Street Light,Moderate,Drunk Driving,2022-06-03,2022,6,9,Friday,Jun,2,0,5,Morning,89
ACC00310,Gandhinagar,Sector 7 PS,2023-06-22 02:31:00,21.023078,72.166544,NH-27,Urban Road,Minor,1,0,0,1,0,0,0,0,0,0,Rear-End,Bridge,Rainy,Daylight,Unknown,Mobile Phone Use,2023-06-22,2023,6,2,Thursday,Jun,1,0,1,Night,12
ACC00312,Ahmedabad,Bapunagar PS,2022-04-08 00:24:00,23.862693,71.673636,SH-20,State Highway,Minor,3,0,0,1,0,0,1,0,0,0,Side Impact,Bridge,Clear,Daylight,Poor,Unknown,2022-04-08,2022,4,0,Friday,Apr,1,0,2,Night,7
ACC00313,Rajkot,Mavdi PS,2024-02-10 01:24:00,21.474804,68.772639,Expressway,District Road,Grievous,2,0,3,0,0,0,2,0,1,1,Side Impact,Pothole Area,Cloudy,Night - Street Light On,Moderate,Over Speeding,2024-02-10,2024,2,1,Saturday,Feb,2,0,7,Night,38
ACC00314,Ahmedabad,Bapunagar PS,2024-08-10 09:31:00,23.937551,74.373752,NH-48,District Road,Minor,2,0,0,3,0,0,2,0,0,1,Side Impact,Flyover,Unknown,Daylight,Unknown,Drunk Driving,2024-08-10,2024,8,9,Saturday,Aug,1,0,6,Morning,54
ACC00315,Junagadh,Keshod PS,2024-04-01 07:59:00,23.483115,68.220097,Industrial Road,National Highway,Grievous,1,0,1,1,0,2,1,0,0,0,Head-On,Pothole Area,Rainy,Daylight,Moderate,Unknown,2024-04-01,2024,4,7,Monday,Apr,2,0,5,Morning,16
ACC00316,Ahmedabad,Naranpura PS,2023-10-16 19:51:00,20.390307,70.225262,SH-41,Urban Road,Damage Only,1,0,0,0,0,0,0,0,0,0,Single Vehicle,Junction/Intersection,Clear,Night - Street Light On,Poor,Wrong Side Driving,2023-10-16,2023,10,19,Monday,Oct,0,0,0,Evening,-1
ACC00317,Bhavnagar,Sihor PS,2022-11-19 02:07:00,23.58473,70.430542,NH-53,District Road,Minor,4,0,0,1,0,0,0,0,0,1,Hit & Run,Speed Breaker,Clear,Night - Street Light On,Good,Unknown,2022-11-19,2022,11,2,Saturday,Nov,1,0,2,Night,9
ACC00318,Ahmedabad,Naranpura PS,2021-01-15 05:59:00,23.098077,70.7222,NH-8,National Highway,Minor,3,0,0,3,0,0,1,0,0,1,Pedestrian Hit,Pothole Area,Rainy,Night - Street Light On,Moderate,Unknown,2021-01-15,2021,1,5,Friday,Jan,1,0,5,Night,9
ACC00319,Rajkot,Mavdi PS,2024-06-04 22:02:00,23.399114,68.654534,SH-41,District Road,Grievous,1,0,2,2,0,2,2,0,1,0,Pedestrian Hit,Bridge,Clear,Night - Street Light On,Moderate,Drunk Driving,2024-06-04,2024,6,22,Tuesday,Jun,2,0,9,Night,50
ACC00320,Rajkot,Kalavad Road PS,2021-04-19 06:07:00,23.252121,71.088801,NH-53,State Highway,Grievous,4,0,0,1,0,1,0,0,0,0,Rear-End,Straight Road,Clear,Night - No Street Light,Poor,Wrong Side Driving,2021-04-19,2021,4,6,Monday,Apr,2,0,2,Morning,9
ACC00321,Surat,Piplod PS,2021-12-27 05:50:00,22.468557,69.582389,Bypass Road,National Highway,Grievous,0,0,1,0,0,2,0,0,0,1,Rollover,Bridge,Rainy,Night - No Street Light,Moderate,Drunk Driving,2021-12-27,2021,12,5,Monday,Dec,2,0,4,Night,31
ACC00322,Anand,Vallabh Vidyanagar PS,2021-05-31 15:37:00,24.196249,73.945689,Bypass Road,State Highway,Grievous,0,0,1,1,0,2,0,0,1,0,Rear-End,Curve,Cloudy,Night - Street Light On,Poor,Mobile Phone Use,2021-05-31,2021,5,15,Monday,May,2,0,5,Afternoon,58
ACC00323,Vadodara,Sayajigunj PS,2023-08-12 14:26:00,21.68045,71.902907,NH-8,National Highway,Damage Only,4,0,0,0,0,0,0,0,0,0,Pedestrian Hit,Speed Breaker,Rainy,Night - Street Light On,Good,No Seatbelt,2023-08-12,2023,8,14,Saturday,Aug,0,0,0,Afternoon,34
ACC00325,Anand,Petlad PS,2023-03-19 15:51:00,23.87794,69.615222,Airport Road,Urban Road,Minor,3,0,0,2,0,0,0,0,0,0,Pedestrian Hit,Unknown,Unknown,Dawn/Dusk,Moderate,Signal Jumping,2023-03-19,2023,3,15,Sunday,Mar,1,0,2,Afternoon,-1
ACC00326,Surat,Adajan PS,2024-10-02 09:10:00,24.046442,68.253805,Bypass Road,National Highway,Minor,4,0,0,3,0,0,2,0,0,0,Hit & Run,Flyover,Unknown,Dawn/Dusk,Moderate,No Helmet,2024-10-02,2024,10,9,Wednesday,Oct,1,0,5,Morning,-1
ACC00327,Ahmedabad,Bodakdev PS,2024-11-15 10:33:00,22.05915,74.060402,Airport Road,District Road,Minor,3,0,0,1,0,0,0,0,0,1,Rollover,Flyover,Unknown,Daylight,Poor,Over Speeding,2024-11-15,2024,11,10,Friday,Nov,1,0,2,Morning,49
ACC00328,Bharuch,Vagra PS,2024-06-21 01:23:00,23.081594,71.632777,NH-8,State Highway,Fatal,2,2,1,1,0,2,2,1,1,1,Rear-End,Junction/Intersection,Rainy,Daylight,Unknown,Unknown,2024-06-21,2024,6,1,Friday,Jun,3,3,8,Night,3
ACC00329,Surat,Udhna PS,2023-02-03 11:28:00,22.52274,72.571899,City Road,State Highway,Grievous,4,0,1,0,0,0,1,0,0,1,Pedestrian Hit,Junction/Intersection,Cloudy,Night - No Street Light,Good,Wrong Side Driving,2023-02-03,2023,2,11,Friday,Feb,2,0,3,Morning,73
ACC00330,Ahmedabad,Maninagar PS,2022-07-20 03:44:00,20.792291,74.09826,NH-48,District Road,Minor,4,0,0,2,0,0,2,0,0,0,Side Impact,Pothole Area,Hazy,Night - Street Light On,Unknown,No Helmet,2022-07-20,2022,7,3,Wednesday,Jul,1,0,4,Night,28
ACC00331,Gandhinagar,Sector 7 PS,2021-05-09 00:55:00,23.940759,70.216027,Industrial Road,State Highway,Damage Only,3,0,0,0,0,0,0,0,0,0,Side Impact,Flyover,Foggy,Dawn/Dusk,Unknown,Overloading,2021-05-09,2021,5,0,Sunday,May,0,0,0,Night,74
ACC00332,Bhavnagar,Sihor PS,2022-09-20 05:50:00,22.327518,72.949423,NH-48,District Road,Grievous,2,0,3,2,0,0,2,0,0,0,Rear-End,Bridge,Rainy,Night - Street Light On,Poor,Signal Jumping,2022-09-20,2022,9,5,Tuesday,Sep,2,0,7,Night,59
ACC00333,Ahmedabad,Naranpura PS,2022-10-11 18:08:00,21.800492,72.554947,City Road,National Highway,Grievous,3,0,1,0,0,1,1,0,1,0,Side Impact,Curve,Foggy,Dawn/Dusk,Moderate,Unknown,2022-10-11,2022,10,18,Tuesday,Oct,2,0,4,Evening,52
ACC00334,Bharuch,Ankleshwar PS,2021-01-09 23:34:00,21.623891,71.085637,SH-14,State Highway,Grievous,1,0,2,2,0,0,0,0,1,0,Pedestrian Hit,Speed Breaker,Unknown,Night - Street Light On,Unknown,No Helmet,2021-01-09,2021,1,23,Saturday,Jan,2,0,5,Night,70
ACC00335,Surat,Adajan PS,2024-06-18 07:28:00,21.601286,69.329443,Airport Road,National Highway,Grievous,4,0,3,2,0,2,0,0,0,1,Rear-End,Flyover,Foggy,Night - Street Light On,Good,Drunk Driving,2024-06-18,2024,6,7,Tuesday,Jun,2,0,8,Morning,38
ACC00336,Mehsana,Visnagar PS,2024-05-20 19:32:00,24.278856,69.032059,SH-41,National Highway,Damage Only,3,0,0,0,0,0,0,0,0,0,Hit & Run,Junction/Intersection,Clear,Night - No Street Light,Poor,No Helmet,2024-05-20,2024,5,19,Monday,May,0,0,0,Evening,61
ACC00337,Mehsana,Patan PS,2021-06-29 06:46:00,23.511027,70.887777,NH-53,National Highway,Minor,1,0,0,1,0,0,0,0,0,1,Pedestrian Hit,Bridge,Unknown,Dawn/Dusk,Moderate,Unknown,2021-06-29,2021,6,6,Tuesday,Jun,1,0,2,Morning,9
ACC00338,Mehsana,Patan PS,2022-11-18 02:59:00,23.578125,70.679602,SH-14,State Highway,Damage Only,4,0,0,0,0,0,0,0,0,0,Hit & Run,Bridge,Unknown,Night - Street Light On,Moderate,Signal Jumping,2022-11-18,2022,11,2,Friday,Nov,0,0,0,Night,9
ACC00339,Gandhinagar,Dehgam PS,2023-10-02 01:52:00,23.939092,71.623471,Bypass Road,National Highway,Grievous,4,0,3,0,0,1,2,0,0,1,Rear-End,Unknown,Clear,Night - Street Light On,Poor,Mobile Phone Use,2023-10-02,2023,10,1,Monday,Oct,2,0,7,Night,7
ACC00340,Mehsana,Unjha PS,2021-02-28 03:48:00,24.673932,72.797063,Industrial Road,Rural Road,Damage Only,1,0,0,0,0,0,0,0,0,0,Hit & Run,Flyover,Foggy,Dawn/Dusk,Good,No Helmet,2021-02-28,2021,2,3,Sunday,Feb,0,0,0,Night,75
ACC00341,Gandhinagar,Sector 7 PS,2024-04-06 01:09:00,24.140259,69.128846,SH-14,Urban Road,Grievous,1,0,1,2,0,0,2,0,0,0,Side Impact,Junction/Intersection,Clear,Night - No Street Light,Poor,Unknown,2024-04-06,2024,4,1,Saturday,Apr,2,0,5,Night,50
ACC00342,Junagadh,Veraval PS,2022-10-10 21:51:00,23.253041,68.70375,Industrial Road,National Highway,Minor,4,0,0,2,0,0,0,0,0,0,Side Impact,Straight Road,Rainy,Night - No Street Light,Poor,Overloading,2022-10-10,2022,10,21,Monday,Oct,1,0,2,Evening,50
ACC00343,Rajkot,Mavdi PS,2023-10-28 07:53:00,24.226461,73.337922,Airport Road,Rural Road,Minor,1,0,0,1,0,0,0,0,0,0,Pedestrian Hit,Speed Breaker,Unknown,Daylight,Unknown,Overloading,2023-10-28,2023,10,7,Saturday,Oct,1,0,1,Morning,8
ACC00344,Mehsana,Visnagar PS,2022-10-01 22:23:00,22.132914,71.395663,SH-20,District Road,Grievous,2,0,1,2,0,0,1,0,0,0,Rear-End,Straight Road,Unknown,Daylight,Moderate,Signal Jumping,2022-10-01,2022,10,22,Saturday,Oct,2,0,4,Night,32
ACC00346,Ahmedabad,Bapunagar PS,2022-02-25 18:57:00,23.184763,69.017009,Expressway,State Highway,Minor,1,0,0,1,0,0,2,0,0,0,Side Impact,Junction/Intersection,Foggy,Night - Street Light On,Moderate,Unknown,2022-02-25,2022,2,18,Friday,Feb,1,0,3,Evening,50
ACC00347,Junagadh,Keshod PS,2022-01-28 09:10:00,22.570782,68.72172,SH-6,District Road,Grievous,1,0,2,0,0,1,1,0,0,0,Rollover,Bridge,Foggy,Night - Street Light On,Unknown,Unknown,2022-01-28,2022,1,9,Friday,Jan,2,0,4,Morning,15
ACC00348,Anand,Anand City PS,2022-10-06 03:29:00,20.725197,72.539805,Airport Road,National Highway,Minor,3,0,0,2,0,0,2,0,0,1,Single Vehicle,Unknown,Foggy,Dawn/Dusk,Good,No Seatbelt,2022-10-06,2022,10,3,Thursday,Oct,1,0,5,Night,88
ACC00349,Mehsana,Unjha PS,2024-02-09 13:18:00,22.068624,73.736954,NH-8,State Highway,Minor,1,0,0,2,0,0,1,0,0,0,Hit & Run,Junction/Intersection,Rainy,Daylight,Unknown,Unknown,2024-02-09,2024,2,13,Friday,Feb,1,0,3,Afternoon,-1
ACC00350,Ahmedabad,Maninagar PS,2023-03-20 12:44:00,20.567922,74.260476,NH-27,National Highway,Minor,4,0,0,3,0,0,1,0,0,1,Side Impact,Junction/Intersection,Rainy,Dawn/Dusk,Good,Wrong Side Driving,2023-03-20,2023,3,12,Monday,Mar,1,0,5,Afternoon,89
ACC00351,Bhavnagar,Mahuva PS,2022-07-14 20:25:00,23.166714,74.321396,Airport Road,District Road,Fatal,4,0,0,0,2,0,0,0,1,0,Side Impact,Bridge,Clear,Daylight,Poor,Overloading,2022-07-14,2022,7,20,Thursday,Jul,3,2,1,Evening,-1
ACC00352,Surat,Katargam PS,2023-02-23 19:43:00,21.492662,72.88908,City Road,State Highway,Fatal,4,1,2,1,2,0,2,1,1,0,Pedestrian Hit,Bridge,Cloudy,Night - Street Light On,Poor,Unknown,2023-02-23,2023,2,19,Thursday,Feb,3,4,6,Evening,19
ACC00353,Ahmedabad,Bodakdev PS,2023-07-11 10:54:00,22.214419,71.606999,SH-41,National Highway,Damage Only,3,0,0,0,0,0,0,0,0,0,Pedestrian Hit,Pothole Area,Rainy,Dawn/Dusk,Unknown,Signal Jumping,2023-07-11,2023,7,10,Tuesday,Jul,0,0,0,Morning,32
ACC00354,Anand,Borsad PS,2021-08-13 18:43:00,22.647406,71.059856,Airport Road,State Highway,Damage Only,4,0,0,0,0,0,0,0,0,0,Pedestrian Hit,Straight Road,Cloudy,Night - No Street Light,Unknown,Unknown,2021-08-13,2021,8,18,Friday,Aug,0,0,0,Evening,5
ACC00355,Bhavnagar,Talaja PS,2022-08-06 10:03:00,20.307545,70.297924,Expressway,State Highway,Minor,4,0,0,2,0,0,1,0,0,1,Rollover,Unknown,Unknown,Night - No Street Light,Unknown,Drunk Driving,2022-08-06,2022,8,10,Saturday,Aug,1,0,4,Morning,-1
ACC00356,Bharuch,Bharuch City PS,2024-09-16 07:15:00,21.535658,72.434345,SH-41,Urban Road,Minor,4,0,0,3,0,0,2,0,0,1,Side Impact,Curve,Clear,Night - No Street Light,Good,Overloading,2024-09-16,2024,9,7,Monday,Sep,1,0,6,Morning,6
ACC00357,Gandhinagar,Sector 21 PS,2024-11-26 15:37:00,21.555966,70.131255,NH-27,District Road,Minor,3,0,0,1,0,0,2,0,0,1,Pedestrian Hit,Pothole Area,Unknown,Night - Street Light On,Poor,Overloading,2024-11-26,2024,11,15,Tuesday,Nov,1,0,4,Afternoon,60
ACC00358,Bharuch,Vagra PS,2022-02-18 15:40:00,23.720888,71.475754,SH-14,State Highway,Damage Only,1,0,0,0,0,0,0,0,0,0,Side Impact,Unknown,Hazy,Dawn/Dusk,Moderate,Unknown,2022-02-18,2022,2,15,Friday,Feb,0,0,0,Afternoon,-1
ACC00359,Bhavnagar,Bhavnagar City PS,2024-04-27 10:17:00,23.785454,69.421357,NH-8,Urban Road,Damage Only,3,0,0,0,0,0,0,0,0,0,Head-On,Junction/Intersection,Hazy,Night - No Street Light,Unknown,Unknown,2024-04-27,2024,4,10,Saturday,Apr,0,0,0,Morning,50
ACC00360,Rajkot,Kalawad PS,2023-04-04 08:39:00,23.189177,73.649648,City Road,National Highway,Minor,0,0,0,2,0,0,2,0,0,1,Single Vehicle,Curve,Hazy,Dawn/Dusk,Moderate,Unknown,2023-04-04,2023,4,8,Tuesday,Apr,1,0,5,Morning,-1
ACC00361,Bhavnagar,Bhavnagar City PS,2023-12-06 06:23:00,21.20572,72.92284,SH-41,Rural Road,Grievous,0,0,1,2,0,2,1,0,1,0,Hit & Run,Flyover,Clear,Night - Street Light On,Unknown,Mobile Phone Use,2023-12-06,2023,12,6,Wednesday,Dec,2,0,7,Morning,19
ACC00362,Rajkot,Rajkot Central PS,2021-11-04 06:01:00,23.905253,71.626898,Ring Road,National Highway,Minor,1,0,0,2,0,0,0,0,0,0,Hit & Run,Straight Road,Rainy,Night - Street Light On,Poor,Signal Jumping,2021-11-04,2021,11,6,Thursday,Nov,1,0,2,Morning,7
ACC00363,Surat,Adajan PS,2021-02-10 01:55:00,21.543962,68.500565,Ring Road,District Road,Damage Only,1,0,0,0,0,0,0,0,0,0,Side Impact,Straight Road,Cloudy,Night - Street Light On,Moderate,Drunk Driving,2021-02-10,2021,2,1,Wednesday,Feb,0,0,0,Night,55
ACC00364,Junagadh,Manavadar PS,2023-12-12 08:31:00,21.195154,73.18213,SH-20,National Highway,Minor,2,0,0,1,0,0,0,0,0,0,Pedestrian Hit,Bridge,Unknown,Night - Street Light On,Unknown,Wrong Side Driving,2023-12-12,2023,12,8,Tuesday,Dec,1,0,1,Morning,19
ACC00365,Gandhinagar,Kalol PS,2023-04-17 08:55:00,22.355649,74.076879,SH-20,State Highway,Grievous,4,0,2,2,0,0,1,0,0,0,Rollover,Pothole Area,Rainy,Night - No Street Light,Moderate,No Helmet,2023-04-17,2023,4,8,Monday,Apr,2,0,5,Morning,76
ACC00366,Rajkot,Kalavad Road PS,2024-02-06 12:19:00,23.322837,72.417065,Airport Road,National Highway,Damage Only,0,0,0,0,0,0,0,0,0,0,Pedestrian Hit,Bridge,Cloudy,Daylight,Unknown,Mobile Phone Use,2024-02-06,2024,2,12,Tuesday,Feb,0,0,0,Afternoon,77
ACC00367,Ahmedabad,Maninagar PS,2022-09-02 06:55:00,24.313098,73.640644,NH-8,Urban Road,Minor,4,0,0,2,0,0,2,0,0,1,Single Vehicle,Straight Road,Foggy,Daylight,Unknown,Overloading,2022-09-02,2022,9,6,Friday,Sep,1,0,5,Morning,91
ACC00368,Ahmedabad,Maninagar PS,2024-12-01 08:32:00,22.036004,71.550685,SH-20,State Highway,Damage Only,2,0,0,0,0,0,0,0,0,0,Hit & Run,Flyover,Clear,Night - Street Light On,Unknown,Unknown,2024-12-01,2024,12,8,Sunday,Dec,0,0,0,Morning,2
ACC00369,Surat,Adajan PS,2022-02-14 20:19:00,20.478267,71.353105,NH-8,State Highway,Damage Only,4,0,0,0,0,0,0,0,0,0,Pedestrian Hit,Curve,Hazy,Dawn/Dusk,Poor,Overloading,2022-02-14,2022,2,20,Monday,Feb,0,0,0,Evening,0
ACC00370,Vadodara,Waghodiya PS,2021-12-22 21:37:00,23.777832,70.711327,NH-53,State Highway,Grievous,2,0,2,0,0,1,0,0,0,0,Hit & Run,Flyover,Hazy,Night - Street Light On,Good,Over Speeding,2021-12-22,2021,12,21,Wednesday,Dec,2,0,3,Evening,9