Accident_ID,District,Police_Station,Accident_DateTime,Latitude,Longitude,Road_Name,Road_Classification,Severity,No_of_Vehicles,Drivers_Killed,Drivers_Grievous_Injury,Drivers_Minor_Injury,Passengers_Killed,Passengers_Grievous_Injury,Passengers_Minor_Injury,Pedestrians_Killed,Pedestrians_Grievous_Injury,Pedestrians_Minor_Injury,Collision_Type,Collision_Feature,Weather_Condition,Light_Condition,Visibility,Traffic_Violation,Date,Year,Month,Hour,DayOfWeek,Month_Name,Severity_Score,Total_Killed,Total_Injured,Time_Category,DBSCAN_Cluster
ACC00464,Mehsana,Mehsana City PS,2024-09-24 04:59:00,23.436906,72.458243,SH-41,State Highway,Minor,4,0,0,3,0,0,2,0,0,1,Rear-End,Flyover,Hazy,Daylight,Poor,No Seatbelt,2024-09-24,2024,9,4,Tuesday,Sep,1,0,6,Night,77
ACC00465,Rajkot,Mavdi PS,2022-06-15 03:18:00,20.510041,74.004427,Expressway,District Road,Grievous,1,0,3,2,0,1,0,0,1,1,Head-On,Curve,Foggy,Dawn/Dusk,Good,Mobile Phone Use,2022-06-15,2022,6,3,Wednesday,Jun,2,0,8,Night,65
ACC00467,Vadodara,Gotri PS,2022-08-04 04:47:00,23.785942,71.872946,SH-14,Rural Road,Minor,0,0,0,3,0,0,1,0,0,0,Rollover,Straight Road,Foggy,Dawn/Dusk,Moderate,Overloading,2022-08-04,2022,8,4,Thursday,Aug,1,0,4,Night,7
ACC00468,Bharuch,Ankleshwar PS,2022-03-08 23:59:00,23.321874,73.552221,NH-53,National Highway,Grievous,4,0,2,1,0,1,2,0,1,1,Pedestrian Hit,Bridge,Foggy,Night - Street Light On,Good,Unknown,2022-03-08,2022,3,23,Tuesday,Mar,2,0,8,Night,-1
ACC00469,Anand,Anand City PS,2023-12-18 23:18:00,24.346093,71.552463,NH-27,National Highway,Damage Only,0,0,0,0,0,0,0,0,0,0,Rear-End,Flyover,Hazy,Daylight,Poor,Overloading,2023-12-18,2023,12,23,Monday,Dec,0,0,0,Night,18
ACC00470,Bhavnagar,Sihor PS,2023-06-24 22:30:00,20.766185,72.81481,Expressway,National Highway,Minor,4,0,0,3,0,0,0,0,0,0,Single Vehicle,Unknown,Unknown,Daylight,Moderate,No Seatbelt,2023-06-24,2023,6,22,Saturday,Jun,1,0,3,Night,36
ACC00471,Ahmedabad,Chandkheda PS,2023-08-29 05:03:00,22.471002,70.833075,NH-53,State Highway,Minor,4,0,0,2,0,0,2,0,0,0,Single Vehicle,Curve,Clear,Daylight,Moderate,No Seatbelt,2023-08-29,2023,8,5,Tuesday,Aug,1,0,4,Night,5
ACC00472,Anand,Anand City PS,2023-08-08 20:24:00,23.104699,68.856002,NH-27,Urban Road,Damage Only,4,0,0,0,0,0,0,0,0,0,Head-On,Pothole Area,Hazy,Night - Street Light On,Good,Unknown,2023-08-08,2023,8,20,Tuesday,Aug,0,0,0,Evening,50
ACC00473,Gandhinagar,Sector 21 PS,2024-04-29 05:24:00,23.065145,71.699966,NH-27,State Highway,Fatal,4,2,2,0,2,2,0,1,0,0,Side Impact,Flyover,Hazy,Night - Street Light On,Unknown,Over Speeding,2024-04-29,2024,4,5,Monday,Apr,3,5,4,Night,3
ACC00475,Ahmedabad,Bapunagar PS,2022-09-04 11:34:00,24.594674,69.664524,NH-48,Urban Road,Minor,4,0,0,3,0,0,1,0,0,1,Rollover,Junction/Intersection,Unknown,Dawn/Dusk,Moderate,Unknown,2022-09-04,2022,9,11,Sunday,Sep,1,0,5,Morning,4
ACC00476,Bhavnagar,Mahuva PS,2023-11-12 06:44:00,23.870911,69.284864,SH-14,District Road,Minor,2,0,0,3,0,0,2,0,0,1,Pedestrian Hit,Curve,Hazy,Night - Street Light On,Poor,Mobile Phone Use,2023-11-12,2023,11,6,Sunday,Nov,1,0,6,Morning,50
ACC00477,Ahmedabad,Bapunagar PS,2022-06-07 08:24:00,20.851269,74.051865,City Road,National Highway,Damage Only,3,0,0,0,0,0,0,0,0,0,Hit & Run,Curve,Hazy,Night - Street Light On,Good,Unknown,2022-06-07,2022,6,8,Tuesday,Jun,0,0,0,Morning,28
ACC00478,Rajkot,Kalavad Road PS,2024-02-29 21:41:00,22.882746,69.066996,NH-8,State Highway,Grievous,1,0,3,2,0,0,1,0,0,1,Hit & Run,Speed Breaker,Rainy,Daylight,Poor,Drunk Driving,2024-02-29,2024,2,21,Thursday,Feb,2,0,7,Evening,30
ACC00479,Bharuch,Jhagadia PS,2022-07-14 04:55:00,21.358775,74.270757,SH-6,District Road,Fatal,4,0,2,1,2,2,1,1,0,0,Hit & Run,Flyover,Clear,Night - Street Light On,Poor,Unknown,2022-07-14,2022,7,4,Thursday,Jul,3,3,6,Night,83
ACC00480,Vadodara,Waghodiya PS,2023-03-09 05:22:00,23.217935,71.575532,SH-41,National Highway,Minor,2,0,0,1,0,0,1,0,0,1,Hit & Run,Curve,Foggy,Daylight,Moderate,Unknown,2023-03-09,2023,3,5,Thursday,Mar,1,0,3,Night,3
ACC00481,Surat,Varachha PS,2024-12-19 07:43:00,23.351219,74.313352,NH-8,National Highway,Minor,0,0,0,2,0,0,1,0,0,1,Hit & Run,Junction/Intersection,Cloudy,Night - Street Light On,Poor,Unknown,2024-12-19,2024,12,7,Thursday,Dec,1,0,4,Morning,84
ACC00482,Ahmedabad,Naranpura PS,2021-06-07 23:15:00,20.85952,72.78348,Airport Road,State Highway,Grievous,1,0,1,1,0,0,2,0,1,0,Hit & Run,Straight Road,Cloudy,Night - Street Light On,Unknown,Overloading,2021-06-07,2021,6,23,Monday,Jun,2,0,5,Night,36
ACC00483,Junagadh,Veraval PS,2022-05-16 23:42:00,23.887472,71.427102,Industrial Road,State Highway,Grievous,3,0,0,0,0,0,1,0,1,1,Head-On,Curve,Unknown,Night - Street Light On,Moderate,Drunk Driving,2022-05-16,2022,5,23,Monday,May,2,0,3,Night,7
ACC00484,Anand,Vallabh Vidyanagar PS,2023-02-04 03:21:00,21.24892,72.928408,NH-27,Urban Road,Grievous,4,0,0,0,0,2,2,0,1,0,Side Impact,Junction/Intersection,Foggy,Night - Street Light On,Good,Unknown,2023-02-04,2023,2,3,Saturday,Feb,2,0,5,Night,19
ACC00485,Bhavnagar,Palitana PS,2021-04-28 11:00:00,21.611338,68.132473,Expressway,District Road,Minor,1,0,0,3,0,0,2,0,0,0,Rear-End,Straight Road,Clear,Dawn/Dusk,Unknown,Wrong Side Driving,2021-04-28,2021,4,11,Wednesday,Apr,1,0,5,Morning,85
ACC00486,Anand,Anand City PS,2023-09-26 00:09:00,21.25062,70.45815,SH-20,Urban Road,Damage Only,4,0,0,0,0,0,0,0,0,0,Hit & Run,Speed Breaker,Foggy,Daylight,Unknown,Unknown,2023-09-26,2023,9,0,Tuesday,Sep,0,0,0,Night,-1
ACC00488,Anand,Borsad PS,2024-02-01 15:51:00,20.686196,73.016126,Ring Road,National Highway,Grievous,1,0,1,0,0,2,1,0,0,0,Rollover,Pothole Area,Cloudy,Night - Street Light On,Good,Drunk Driving,2024-02-01,2024,2,15,Thursday,Feb,2,0,4,Afternoon,36
ACC00490,Rajkot,Bhaktinagar PS,2024-07-12 20:09:00,20.708561,74.339512,NH-53,District Road,Minor,4,0,0,3,0,0,1,0,0,0,Hit & Run,Unknown,Rainy,Daylight,Good,No Seatbelt,2024-07-12,2024,7,20,Friday,Jul,1,0,4,Evening,-1
ACC00491,Rajkot,Kalavad Road PS,2023-05-23 15:03:00,23.061817,69.79625,SH-14,State Highway,Minor,1,0,0,1,0,0,2,0,0,0,Side Impact,Curve,Foggy,Daylight,Moderate,Over Speeding,2023-05-23,2023,5,15,Tuesday,May,1,0,3,Afternoon,51
ACC00492,Rajkot,Kalavad Road PS,2023-08-25 08:58:00,22.082175,71.195104,SH-20,National Highway,Fatal,3,2,2,0,2,0,1,1,0,1,Side Impact,Pothole Area,Clear,Night - Street Light On,Poor,No Helmet,2023-08-25,2023,8,8,Friday,Aug,3,5,4,Morning,32
ACC00493,Ahmedabad,Maninagar PS,2024-07-13 23:38:00,22.798183,72.222438,SH-6,Urban Road,Minor,2,0,0,3,0,0,2,0,0,0,Rear-End,Straight Road,Clear,Night - No Street Light,Poor,Overloading,2024-07-13,2024,7,23,Saturday,Jul,1,0,5,Night,27
ACC00494,Surat,Katargam PS,2022-01-28 13:35:00,24.201299,73.430355,Airport Road,Urban Road,Minor,4,0,0,2,0,0,2,0,0,0,Side Impact,Bridge,Unknown,Daylight,Unknown,Drunk Driving,2022-01-28,2022,1,13,Friday,Jan,1,0,4,Afternoon,8
ACC00495,Vadodara,Gotri PS,2022-07-16 22:08:00,24.496693,74.226586,SH-6,State Highway,Damage Only,4,0,0,0,0,0,0,0,0,0,Single Vehicle,Bridge,Unknown,Daylight,Moderate,Overloading,2022-07-16,2022,7,22,Saturday,Jul,0,0,0,Night,42
ACC00496,Junagadh,Porbandar PS,2023-04-01 19:17:00,20.116563,71.83031,NH-48,Urban Road,Minor,3,0,0,3,0,0,1,0,0,0,Pedestrian Hit,Speed Breaker,Unknown,Night - No Street Light,Poor,Wrong Side Driving,2023-04-01,2023,4,19,Saturday,Apr,1,0,4,Evening,48
ACC00497,Vadodara,Fatehgunj PS,2021-04-04 17:15:00,23.042231,69.849866,NH-53,State Highway,Minor,1,0,0,1,0,0,2,0,0,1,Side Impact,Straight Road,Unknown,Night - Street Light On,Moderate,Unknown,2021-04-04,2021,4,17,Sunday,Apr,1,0,4,Afternoon,51
ACC00498,Bhavnagar,Talaja PS,2022-10-27 02:45:00,21.314576,73.759515,SH-14,State Highway,Fatal,2,1,2,1,0,2,1,0,1,0,Side Impact,Pothole Area,Clear,Night - No Street Light,Moderate,Mobile Phone Use,2022-10-27,2022,10,2,Thursday,Oct,3,1,7,Night,-1
ACC00499,Rajkot,Kalavad Road PS,2022-07-05 06:37:00,24.047818,70.910152,Expressway,Rural Road,Fatal,4,1,2,1,0,2,0,0,0,1,Single Vehicle,Curve,Cloudy,Daylight,Unknown,Signal Jumping,2022-07-05,2022,7,6,Tuesday,Jul,3,1,6,Morning,23
ACC00500,Gandhinagar,Sector 7 PS,2021-12-30 12:43:00,20.419489,69.645099,City Road,Rural Road,Minor,4,0,0,1,0,0,0,0,0,0,Hit & Run,Speed Breaker,Rainy,Daylight,Good,No Seatbelt,2021-12-30,2021,12,12,Thursday,Dec,1,0,1,Afternoon,-1
ACC00502,Gandhinagar,Mansa PS,2023-09-08 04:15:00,23.28339,68.875376,SH-41,Urban Road,Minor,2,0,0,1,0,0,0,0,0,1,Head-On,Junction/Intersection,Clear,Dawn/Dusk,Moderate,Over Speeding,2023-09-08,2023,9,4,Friday,Sep,1,0,2,Night,50
ACC00503,Anand,Vallabh Vidyanagar PS,2022-12-25 20:18:00,24.143354,73.670611,SH-41,Urban Road,Minor,1,0,0,3,0,0,1,0,0,0,Head-On,Straight Road,Rainy,Daylight,Poor,No Helmet,2022-12-25,2022,12,20,Sunday,Dec,1,0,4,Evening,91
ACC00504,Bharuch,Bharuch City PS,2021-03-30 19:09:00,22.540211,72.38043,NH-53,Urban Road,Damage Only,4,0,0,0,0,0,0,0,0,0,Single Vehicle,Speed Breaker,Foggy,Night - No Street Light,Good,Mobile Phone Use,2021-03-30,2021,3,19,Tuesday,Mar,0,0,0,Evening,35
ACC00506,Ahmedabad,Chandkheda PS,2021-09-19 05:49:00,21.568853,72.468551,Ring Road,State Highway,Damage Only,4,0,0,0,0,0,0,0,0,0,Rollover,Junction/Intersection,Rainy,Night - Street Light On,Unknown,No Seatbelt,2021-09-19,2021,9,5,Sunday,Sep,0,0,0,Night,6
ACC00507,Junagadh,Manavadar PS,2023-10-06 17:34:00,21.869285,70.757597,Industrial Road,Rural Road,Fatal,1,0,0,1,0,0,0,1,1,1,Pedestrian Hit,Pothole Area,Rainy,Daylight,Moderate,No Helmet,2023-10-06,2023,10,17,Friday,Oct,3,1,3,Afternoon,-1
ACC00508,Vadodara,Waghodiya PS,2023-08-01 04:53:00,24.57037,69.627734,SH-41,Urban Road,Damage Only,4,0,0,0,0,0,0,0,0,0,Rear-End,Curve,Clear,Night - Street Light On,Unknown,Over Speeding,2023-08-01,2023,8,4,Tuesday,Aug,0,0,0,Night,4
ACC00509,Bharuch,Bharuch City PS,2024-12-07 03:42:00,22.293402,69.096491,NH-53,National Highway,Minor,2,0,0,2,0,0,2,0,0,0,Side Impact,Curve,Clear,Daylight,Unknown,Signal Jumping,2024-12-07,2024,12,3,Saturday,Dec,1,0,4,Night,14
ACC00510,Junagadh,Veraval PS,2023-08-21 13:46:00,23.694426,69.906645,NH-53,Rural Road,Fatal,4,1,2,1,2,1,0,1,1,0,Head-On,Straight Road,Hazy,Night - Street Light On,Moderate,Over Speeding,2023-08-21,2023,8,13,Monday,Aug,3,4,5,Afternoon,9
ACC00511,Vadodara,Waghodiya PS,2021-07-08 16:24:00,20.675613,71.999976,SH-6,Urban Road,Grievous,3,0,3,2,0,1,1,0,0,0,Hit & Run,Pothole Area,Hazy,Daylight,Unknown,Overloading,2021-07-08,2021,7,16,Thursday,Jul,2,0,7,Afternoon,10
ACC00512,Bharuch,Vagra PS,2022-02-03 08:06:00,21.768427,70.213471,SH-6,Rural Road,Damage Only,2,0,0,0,0,0,0,0,0,0,Side Impact,Straight Road,Clear,Night - Street Light On,Good,Mobile Phone Use,2022-02-03,2022,2,8,Thursday,Feb,0,0,0,Morning,-1
ACC00513,Junagadh,Keshod PS,2024-07-31 01:15:00,24.59265,71.651558,NH-8,Rural Road,Minor,3,0,0,2,0,0,1,0,0,0,Hit & Run,Unknown,Foggy,Daylight,Poor,Over Speeding,2024-07-31,2024,7,1,Wednesday,Jul,1,0,3,Night,18
ACC00514,Bharuch,Vagra PS,2022-12-30 04:44:00,21.624064,71.272544,Airport Road,Urban Road,Damage Only,1,0,0,0,0,0,0,0,0,0,Pedestrian Hit,Straight Road,Hazy,Dawn/Dusk,Unknown,Unknown,2022-12-30,2022,12,4,Friday,Dec,0,0,0,Night,-1
ACC00515,Gandhinagar,Sector 7 PS,2021-11-07 21:29:00,22.979383,69.558891,SH-6,State Highway,Damage Only,2,0,0,0,0,0,0,0,0,0,Pedestrian Hit,Curve,Unknown,Night - Street Light On,Poor,Overloading,2021-11-07,2021,11,21,Sunday,Nov,0,0,0,Evening,-1
ACC00516,Bharuch,Jhagadia PS,2023-01-08 19:54:00,20.284059,72.402103,SH-6,National Highway,Minor,1,0,0,1,0,0,1,0,0,0,Rear-End,Speed Breaker,Clear,Night - Street Light On,Unknown,Drunk Driving,2023-01-08,2023,1,19,Sunday,Jan,1,0,2,Evening,88
ACC00517,Mehsana,Mehsana City PS,2023-07-21 10:10:00,20.842773,70.388968,NH-27,State Highway,Fatal,4,2,0,1,0,1,1,0,1,1,Head-On,Flyover,Cloudy,Night - No Street Light,Unknown,Mobile Phone Use,2023-07-21,2023,7,10,Friday,Jul,3,2,5,Morning,39
ACC00518,Bhavnagar,Sihor PS,2023-06-22 11:32:00,24.479407,72.397866,Airport Road,National Highway,Minor,1,0,0,1,0,0,0,0,0,1,Hit & Run,Pothole Area,Clear,Daylight,Moderate,Unknown,2023-06-22,2023,6,11,Thursday,Jun,1,0,2,Morning,86
ACC00519,Anand,Vallabh Vidyanagar PS,2024-03-13 12:54:00,21.885826,68.68907,Bypass Road,State Highway,Minor,1,0,0,2,0,0,1,0,0,0,Hit & Run,Flyover,Cloudy,Daylight,Good,Signal Jumping,2024-03-13,2024,3,12,Wednesday,Mar,1,0,3,Afternoon,55
ACC00520,Anand,Khambhat PS,2021-05-13 10:21:00,22.336957,71.100183,SH-14,National Highway,Grievous,2,0,3,1,0,2,0,0,0,1,Hit & Run,Unknown,Rainy,Dawn/Dusk,Moderate,Unknown,2021-05-13,2021,5,10,Thursday,May,2,0,7,Morning,5
ACC00521,Bharuch,Vagra PS,2023-08-28 06:03:00,20.205537,70.764398,SH-14,District Road,Minor,3,0,0,3,0,0,1,0,0,1,Single Vehicle,Curve,Clear,Night - No Street Light,Unknown,Drunk Driving,2023-08-28,2023,8,6,Monday,Aug,1,0,5,Morning,-1
ACC00522,Junagadh,Keshod PS,2024-10-03 08:11:00,20.52523,70.254721,NH-8,State Highway,Minor,2,0,0,3,0,0,1,0,0,1,Side Impact,Junction/Intersection,Cloudy,Dawn/Dusk,Unknown,Unknown,2024-10-03,2024,10,8,Thursday,Oct,1,0,5,Morning,-1
ACC00523,Bhavnagar,Palitana PS,2021-01-21 17:50:00,21.013376,71.744483,NH-53,Urban Road,Minor,4,0,0,1,0,0,1,0,0,1,Side Impact,Flyover,Unknown,Night - No Street Light,Good,Signal Jumping,2021-01-21,2021,1,17,Thursday,Jan,1,0,3,Afternoon,62
ACC00525,Bharuch,Jhagadia PS,2021-02-03 09:57:00,23.867637,71.244523,Bypass Road,Urban Road,Fatal,2,1,2,0,1,0,2,1,1,1,Hit & Run,Junction/Intersection,Hazy,Dawn/Dusk,Poor,Drunk Driving,2021-02-03,2021,2,9,Wednesday,Feb,3,3,6,Morning,11
ACC00526,Gandhinagar,Kalol PS,2024-07-22 09:44:00,24.355624,74.370788,NH-8,Urban Road,Minor,0,0,0,3,0,0,1,0,0,0,Pedestrian Hit,Pothole Area,Clear,Dawn/Dusk,Good,Overloading,2024-07-22,2024,7,9,Monday,Jul,1,0,4,Morning,103
ACC00527,Gandhinagar,Kalol PS,2022-03-10 07:49:00,21.852967,71.058318,NH-27,Rural Road,Minor,2,0,0,3,0,0,1,0,0,1,Side Impact,Bridge,Cloudy,Dawn/Dusk,Good,No Helmet,2022-03-10,2022,3,7,Thursday,Mar,1,0,5,Morning,70
ACC00529,Bhavnagar,Palitana PS,2021-09-21 20:24:00,20.899099,71.358846,Ring Road,Urban Road,Minor,3,0,0,3,0,0,0,0,0,1,Rear-End,Flyover,Rainy,Daylight,Unknown,Unknown,2021-09-21,2021,9,20,Tuesday,Sep,1,0,4,Evening,0
ACC00531,Vadodara,Fatehgunj PS,2024-08-29 07:19:00,23.966101,73.184714,Ring Road,Urban Road,Damage Only,1,0,0,0,0,0,0,0,0,0,Pedestrian Hit,Straight Road,Foggy,Daylight,Moderate,Unknown,2024-08-29,2024,8,7,Thursday,Aug,0,0,0,Morning,29
ACC00532,Bhavnagar,Bhavnagar City PS,2021-08-16 14:59:00,20.592553,73.73601,NH-27,Urban Road,Minor,1,0,0,2,0,0,0,0,0,1,Head-On,Junction/Intersection,Rainy,Dawn/Dusk,Good,Overloading,2021-08-16,2021,8,14,Monday,Aug,1,0,3,Afternoon,87
ACC00533,Ahmedabad,Maninagar PS,2024-11-08 13:24:00,23.014338,69.114953,SH-14,State Highway,Minor,3,0,0,2,0,0,2,0,0,0,Head-On,Pothole Area,Hazy,Daylight,Good,No Helmet,2024-11-08,2024,11,13,Friday,Nov,1,0,4,Afternoon,50
ACC00534,Vadodara,Gotri PS,2022-06-06 03:12:00,22.565389,72.894054,SH-6,State Highway,Fatal,1,2,1,1,2,0,1,0,1,0,Pedestrian Hit,Curve,Clear,Night - No Street Light,Moderate,Wrong Side Driving,2022-06-06,2022,6,3,Monday,Jun,3,4,4,Night,92
ACC00535,Junagadh,Veraval PS,2023-08-15 23:51:00,22.45822,69.316242,NH-53,State Highway,Grievous,3,0,1,0,0,1,2,0,1,1,Rear-End,Pothole Area,Foggy,Dawn/Dusk,Good,Unknown,2023-08-15,2023,8,23,Tuesday,Aug,2,0,6,Night,-1
ACC00536,Anand,Petlad PS,2022-07-11 10:39:00,21.862011,70.323368,City Road,State Highway,Grievous,3,0,1,1,0,0,0,0,1,1,Pedestrian Hit,Curve,Clear,Night - No Street Light,Unknown,Mobile Phone Use,2022-07-11,2022,7,10,Monday,Jul,2,0,4,Morning,-1
ACC00537,Vadodara,Waghodiya PS,2022-05-18 02:13:00,21.811036,68.870513,SH-20,National Highway,Fatal,3,0,1,1,2,0,2,0,0,0,Single Vehicle,Unknown,Foggy,Night - Street Light On,Unknown,Unknown,2022-05-18,2022,5,2,Wednesday,May,3,2,4,Night,-1
ACC00538,Junagadh,Veraval PS,2024-05-29 21:04:00,23.072843,70.841795,SH-41,Rural Road,Minor,4,0,0,1,0,0,0,0,0,1,Side Impact,Straight Road,Cloudy,Dawn/Dusk,Good,Mobile Phone Use,2024-05-29,2024,5,21,Wednesday,May,1,0,2,Evening,9
ACC00540,Bharuch,Bharuch City PS,2021-05-23 15:06:00,22.009363,70.098295,SH-20,State Highway,Damage Only,3,0,0,0,0,0,0,0,0,0,Hit & Run,Flyover,Foggy,Dawn/Dusk,Good,No Seatbelt,2021-05-23,2021,5,15,Sunday,May,0,0,0,Afternoon,1
ACC00541,Mehsana,Kadi PS,2024-08-05 03:53:00,22.942694,68.401356,NH-48,Urban Road,Fatal,1,0,2,0,2,1,0,1,0,0,Rear-End,Junction/Intersection,Unknown,Dawn/Dusk,Moderate,Signal Jumping,2024-08-05,2024,8,3,Monday,Aug,3,3,3,Night,15
ACC00542,Surat,Varachha PS,2021-06-03 08:21:00,23.741488,72.501588,NH-53,State Highway,Damage Only,4,0,0,0,0,0,0,0,0,0,Rollover,Curve,Foggy,Night - Street Light On,Unknown,Unknown,2021-06-03,2021,6,8,Thursday,Jun,0,0,0,Morning,77
ACC00543,Ahmedabad,Bapunagar PS,2023-12-17 07:36:00,22.354478,72.967657,Bypass Road,Rural Road,Minor,2,0,0,3,0,0,2,0,0,0,Rear-End,Flyover,Foggy,Daylight,Poor,Unknown,2023-12-17,2023,12,7,Sunday,Dec,1,0,5,Morning,59
ACC00545,Mehsana,Patan PS,2023-11-18 06:49:00,20.415741,72.423476,SH-41,Rural Road,Grievous,1,0,1,1,0,0,1,0,1,1,Rollover,Curve,Cloudy,Daylight,Good,Wrong Side Driving,2023-11-18,2023,11,6,Saturday,Nov,2,0,5,Morning,88
ACC00546,Bharuch,Jhagadia PS,2021-08-31 17:05:00,21.075504,70.814345,SH-20,Rural Road,Minor,2,0,0,2,0,0,0,0,0,1,Head-On,Junction/Intersection,Clear,Daylight,Unknown,No Seatbelt,2021-08-31,2021,8,17,Tuesday,Aug,1,0,3,Afternoon,-1
ACC00547,Vadodara,Gotri PS,2022-07-20 16:38:00,22.094401,72.171973,NH-27,District Road,Minor,1,0,0,2,0,0,0,0,0,1,Rear-End,Straight Road,Hazy,Night - No Street Light,Moderate,Drunk Driving,2022-07-20,2022,7,16,Wednesday,Jul,1,0,3,Afternoon,-1
ACC00548,Anand,Borsad PS,2021-07-27 07:46:00,23.281745,69.177483,SH-6,State Highway,Grievous,2,0,3,2,0,1,2,0,0,1,Side Impact,Pothole Area,Hazy,Night - No Street Light,Good,Drunk Driving,2021-07-27,2021,7,7,Tuesday,Jul,2,0,9,Morning,-1
ACC00549,Vadodara,Waghodiya PS,2024-10-27 02:10:00,24.239398,68.180229,Bypass Road,State Highway,Grievous,1,0,2,2,0,2,1,0,1,0,Hit & Run,Curve,Foggy,Daylight,Moderate,Unknown,2024-10-27,2024,10,2,Sunday,Oct,2,0,8,Night,-1
ACC00551,Gandhinagar,Mansa PS,2023-07-29 00:52:00,23.366723,72.979516,SH-41,National Highway,Damage Only,1,0,0,0,0,0,0,0,0,0,Pedestrian Hit,Speed Breaker,Cloudy,Daylight,Poor,Unknown,2023-07-29,2023,7,0,Saturday,Jul,0,0,0,Night,98
ACC00552,Vadodara,Manjalpur PS,2022-03-28 21:09:00,20.242162,72.483578,Ring Road,Urban Road,Damage Only,4,0,0,0,0,0,0,0,0,0,Side Impact,Straight Road,Rainy,Dawn/Dusk,Good,Mobile Phone Use,2022-03-28,2022,3,21,Monday,Mar,0,0,0,Evening,-1
ACC00553,Junagadh,Keshod PS,2022-06-28 21:22:00,21.898721,74.361845,SH-14,Rural Road,Grievous,4,0,2,2,0,0,1,0,1,0,Rear-End,Unknown,Hazy,Night - No Street Light,Good,No Seatbelt,2022-06-28,2022,6,21,Tuesday,Jun,2,0,6,Evening,41
ACC00554,Vadodara,Manjalpur PS,2024-10-26 04:33:00,22.969458,70.012967,SH-14,State Highway,Minor,1,0,0,1,0,0,1,0,0,1,Head-On,Straight Road,Cloudy,Daylight,Moderate,Mobile Phone Use,2024-10-26,2024,10,4,Saturday,Oct,1,0,3,Night,51
ACC00556,Rajkot,Rajkot Central PS,2023-08-28 11:15:00,23.030405,74.191513,NH-27,Urban Road,Grievous,3,0,0,2,0,0,2,0,0,1,Side Impact,Speed Breaker,Foggy,Night - Street Light On,Unknown,Unknown,2023-08-28,2023,8,11,Monday,Aug,2,0,5,Morning,44
ACC00557,Anand,Petlad PS,2022-02-13 09:19:00,22.706659,71.538733,Ring Road,State Highway,Minor,3,0,0,2,0,0,1,0,0,1,Pedestrian Hit,Bridge,Clear,Night - Street Light On,Unknown,No Helmet,2022-02-13,2022,2,9,Sunday,Feb,1,0,4,Morning,-1
ACC00558,Mehsana,Kadi PS,2023-04-21 14:01:00,20.221542,68.657103,NH-53,District Road,Minor,3,0,0,1,0,0,0,0,0,0,Rollover,Flyover,Rainy,Night - No Street Light,Moderate,Unknown,2023-04-21,2023,4,14,Friday,Apr,1,0,1,Afternoon,40
ACC00559,Anand,Anand City PS,2023-08-06 16:29:00,20.489432,74.312893,NH-27,National Highway,Damage Only,1,0,0,0,0,0,0,0,0,0,Side Impact,Flyover,Foggy,Dawn/Dusk,Poor,Over Speeding,2023-08-06,2023,8,16,Sunday,Aug,0,0,0,Afternoon,89
ACC00560,Bhavnagar,Mahuva PS,2021-04-19 22:13:00,22.685427,68.959337,City Road,State Highway,Fatal,2,1,2,0,0,2,0,0,0,0,Single Vehicle,Junction/Intersection,Unknown,Night - No Street Light,Good,Overloading,2021-04-19,2021,4,22,Monday,Apr,3,1,4,Night,-1
ACC00561,Rajkot,Rajkot Central PS,2023-08-29 00:53:00,21.897284,69.98952,Bypass Road,Urban Road,Damage Only,1,0,0,0,0,0,0,0,0,0,Rear-End,Flyover,Hazy,Night - No Street Light,Unknown,Unknown,2023-08-29,2023,8,0,Tuesday,Aug,0,0,0,Night,1
ACC00562,Anand,Vallabh Vidyanagar PS,2024-07-26 00:11:00,23.525153,71.322544,Expressway,Urban Road,Damage Only,4,0,0,0,0,0,0,0,0,0,Rollover,Bridge,Foggy,Night - No Street Light,Good,Unknown,2024-07-26,2024,7,0,Friday,Jul,0,0,0,Night,11
ACC00563,Bharuch,Jhagadia PS,2023-03-13 12:44:00,22.234233,69.033449,SH-14,Urban Road,Minor,4,0,0,1,0,0,1,0,0,0,Hit & Run,Bridge,Clear,Night - No Street Light,Good,Unknown,2023-03-13,2023,3,12,Monday,Mar,1,0,2,Afternoon,14
ACC00564,Mehsana,Kadi PS,2022-07-22 00:10:00,24.036862,70.297655,Expressway,National Highway,Minor,3,0,0,2,0,0,2,0,0,0,Rollover,Straight Road,Rainy,Night - Street Light On,Poor,Unknown,2022-07-22,2022,7,0,Friday,Jul,1,0,4,Night,74
ACC00565,Gandhinagar,Mansa PS,2023-03-18 02:58:00,22.325225,71.916803,NH-53,State Highway,Grievous,3,0,3,2,0,0,1,0,0,0,Rollover,Speed Breaker,Unknown,Night - No Street Light,Moderate,No Helmet,2023-03-18,2023,3,2,Saturday,Mar,2,0,6,Night,32
ACC00566,Vadodara,Fatehgunj PS,2021-07-17 21:06:00,23.224882,69.558668,NH-8,Urban Road,Minor,4,0,0,1,0,0,0,0,0,1,Pedestrian Hit,Flyover,Rainy,Daylight,Moderate,No Seatbelt,2021-07-17,2021,7,21,Saturday,Jul,1,0,2,Evening,-1
ACC00567,Ahmedabad,Naranpura PS,2021-05-30 14:48:00,23.003953,69.196624,NH-27,National Highway,Grievous,4,0,3,1,0,0,0,0,0,0,Single Vehicle,Curve,Unknown,Night - Street Light On,Moderate,Mobile Phone Use,2021-05-30,2021,5,14,Sunday,May,2,0,4,Afternoon,-1