Accident_ID,District,Police_Station,Accident_DateTime,Latitude,Longitude,Road_Name,Road_Classification,Severity,No_of_Vehicles,Drivers_Killed,Drivers_Grievous_Injury,Drivers_Minor_Injury,Passengers_Killed,Passengers_Grievous_Injury,Passengers_Minor_Injury,Pedestrians_Killed,Pedestrians_Grievous_Injury,Pedestrians_Minor_Injury,Collision_Type,Collision_Feature,Weather_Condition,Light_Condition,Visibility,Traffic_Violation,Date,Year,Month,Hour,DayOfWeek,Month_Name,Severity_Score,Total_Killed,Total_Injured,Time_Category,DBSCAN_Cluster
ACC00568,Anand,Petlad PS,2022-01-29 02:37:00,24.515229,68.309407,NH-53,Urban Road,Fatal,4,0,1,1,0,2,2,1,0,0,Head-On,Bridge,Hazy,Daylight,Poor,Signal Jumping,2022-01-29,2022,1,2,Saturday,Jan,3,1,6,Night,90
ACC00569,Mehsana,Kadi PS,2024-07-04 12:55:00,20.459462,69.97883,NH-27,Urban Road,Minor,0,0,0,2,0,0,1,0,0,1,Hit & Run,Speed Breaker,Hazy,Night - No Street Light,Good,Wrong Side Driving,2024-07-04,2024,7,12,Thursday,Jul,1,0,4,Afternoon,24
ACC00570,Ahmedabad,Maninagar PS,2022-08-13 02:34:00,24.024698,71.250296,Ring Road,District Road,Minor,1,0,0,1,0,0,0,0,0,1,Rollover,Pothole Area,Clear,Dawn/Dusk,Poor,Unknown,2022-08-13,2022,8,2,Saturday,Aug,1,0,2,Night,11
ACC00571,Gandhinagar,Sector 7 PS,2022-11-17 01:08:00,23.857107,72.871272,NH-48,Urban Road,Grievous,4,0,3,2,0,0,0,0,0,1,Rear-End,Flyover,Hazy,Daylight,Poor,Drunk Driving,2022-11-17,2022,11,1,Thursday,Nov,2,0,6,Night,-1
ACC00572,Gandhinagar,Sector 21 PS,2021-08-02 01:31:00,23.09155,70.011536,SH-41,Urban Road,Minor,4,0,0,3,0,0,2,0,0,0,Rear-End,Unknown,Clear,Daylight,Moderate,Unknown,2021-08-02,2021,8,1,Monday,Aug,1,0,5,Night,51
ACC00573,Junagadh,Porbandar PS,2021-04-17 12:49:00,20.676092,71.562133,NH-27,State Highway,Damage Only,0,0,0,0,0,0,0,0,0,0,Hit & Run,Speed Breaker,Foggy,Night - No Street Light,Moderate,No Helmet,2021-04-17,2021,4,12,Saturday,Apr,0,0,0,Afternoon,0
ACC00575,Gandhinagar,Sector 21 PS,2022-10-06 11:38:00,21.223524,71.91858,Bypass Road,Urban Road,Damage Only,3,0,0,0,0,0,0,0,0,0,Single Vehicle,Straight Road,Clear,Night - No Street Light,Moderate,Overloading,2022-10-06,2022,10,11,Thursday,Oct,0,0,0,Morning,-1
ACC00576,Rajkot,Kalawad PS,2024-12-31 09:23:00,21.446344,71.419118,SH-14,Urban Road,Damage Only,4,0,0,0,0,0,0,0,0,0,Side Impact,Speed Breaker,Clear,Daylight,Poor,No Seatbelt,2024-12-31,2024,12,9,Tuesday,Dec,0,0,0,Morning,80
ACC00577,Gandhinagar,Sector 21 PS,2022-02-21 04:53:00,21.160465,69.427849,SH-20,Urban Road,Minor,4,0,0,1,0,0,0,0,0,1,Single Vehicle,Curve,Clear,Night - Street Light On,Unknown,Unknown,2022-02-21,2022,2,4,Monday,Feb,1,0,2,Night,45
ACC00578,Surat,Varachha PS,2022-07-24 18:24:00,24.539444,73.483818,Ring Road,District Road,Minor,2,0,0,1,0,0,1,0,0,0,Hit & Run,Unknown,Cloudy,Dawn/Dusk,Unknown,Over Speeding,2022-07-24,2022,7,18,Sunday,Jul,1,0,2,Evening,-1
ACC00579,Anand,Petlad PS,2021-04-18 21:19:00,23.609783,73.83334,NH-8,National Highway,Damage Only,4,0,0,0,0,0,0,0,0,0,Side Impact,Junction/Intersection,Hazy,Night - Street Light On,Good,No Helmet,2021-04-18,2021,4,21,Sunday,Apr,0,0,0,Evening,21
ACC00580,Anand,Anand City PS,2021-08-12 17:24:00,24.389374,74.342614,Airport Road,Urban Road,Fatal,4,2,1,0,0,1,2,0,0,0,Hit & Run,Pothole Area,Hazy,Night - No Street Light,Moderate,No Seatbelt,2021-08-12,2021,8,17,Thursday,Aug,3,2,4,Afternoon,103
ACC00581,Junagadh,Veraval PS,2022-11-23 18:25:00,21.361641,69.678234,City Road,Urban Road,Fatal,2,1,0,1,1,0,1,0,1,1,Pedestrian Hit,Straight Road,Clear,Night - No Street Light,Poor,Mobile Phone Use,2022-11-23,2022,11,18,Wednesday,Nov,3,2,4,Evening,45
ACC00582,Junagadh,Keshod PS,2023-04-17 01:37:00,21.37165,70.078367,NH-27,State Highway,Minor,2,0,0,3,0,0,0,0,0,0,Hit & Run,Flyover,Foggy,Night - No Street Light,Unknown,Signal Jumping,2023-04-17,2023,4,1,Monday,Apr,1,0,3,Night,60
ACC00583,Bhavnagar,Bhavnagar City PS,2022-04-22 03:41:00,23.24843,71.753312,NH-48,National Highway,Damage Only,0,0,0,0,0,0,0,0,0,0,Rollover,Straight Road,Unknown,Night - No Street Light,Poor,Over Speeding,2022-04-22,2022,4,3,Friday,Apr,0,0,0,Night,3
ACC00584,Junagadh,Junagadh City PS,2024-05-14 07:22:00,22.431915,68.587936,SH-6,Urban Road,Minor,4,0,0,2,0,0,0,0,0,0,Side Impact,Flyover,Unknown,Dawn/Dusk,Good,Unknown,2024-05-14,2024,5,7,Tuesday,May,1,0,2,Morning,15
ACC00585,Bharuch,Amod PS,2023-01-08 10:26:00,21.823692,69.952597,NH-48,National Highway,Grievous,2,0,3,1,0,2,2,0,0,1,Rear-End,Junction/Intersection,Rainy,Daylight,Good,Unknown,2023-01-08,2023,1,10,Sunday,Jan,2,0,9,Morning,1
ACC00586,Anand,Petlad PS,2021-03-08 21:46:00,23.608014,74.11763,SH-6,District Road,Damage Only,1,0,0,0,0,0,0,0,0,0,Rollover,Speed Breaker,Unknown,Dawn/Dusk,Good,Unknown,2021-03-08,2021,3,21,Monday,Mar,0,0,0,Evening,-1
ACC00587,Bhavnagar,Palitana PS,2024-09-12 16:33:00,21.338241,69.946311,SH-6,District Road,Grievous,1,0,1,2,0,2,1,0,1,1,Side Impact,Flyover,Foggy,Night - Street Light On,Unknown,No Helmet,2024-09-12,2024,9,16,Thursday,Sep,2,0,8,Afternoon,60
ACC00588,Ahmedabad,Chandkheda PS,2024-02-22 16:04:00,23.105318,70.928499,Ring Road,District Road,Minor,2,0,0,3,0,0,1,0,0,1,Rear-End,Flyover,Rainy,Night - Street Light On,Unknown,Unknown,2024-02-22,2024,2,16,Thursday,Feb,1,0,5,Afternoon,9
ACC00589,Bharuch,Jhagadia PS,2021-08-30 02:26:00,24.62294,72.085568,NH-8,Urban Road,Fatal,3,2,0,0,2,1,0,1,0,0,Rear-End,Bridge,Clear,Night - Street Light On,Good,No Seatbelt,2021-08-30,2021,8,2,Monday,Aug,3,5,1,Night,64
ACC00590,Ahmedabad,Maninagar PS,2023-11-21 16:58:00,22.04285,72.490651,SH-6,Urban Road,Minor,3,0,0,2,0,0,1,0,0,1,Single Vehicle,Junction/Intersection,Foggy,Daylight,Good,Drunk Driving,2023-11-21,2023,11,16,Tuesday,Nov,1,0,4,Afternoon,-1
ACC00591,Anand,Khambhat PS,2023-09-05 22:08:00,23.429054,73.266668,Airport Road,Rural Road,Grievous,3,0,1,1,0,2,2,0,0,1,Head-On,Straight Road,Hazy,Night - No Street Light,Unknown,No Seatbelt,2023-09-05,2023,9,22,Tuesday,Sep,2,0,7,Night,-1
ACC00592,Rajkot,Kalavad Road PS,2023-10-08 10:03:00,24.227587,73.417612,Ring Road,District Road,Damage Only,4,0,0,0,0,0,0,0,0,0,Side Impact,Junction/Intersection,Rainy,Night - Street Light On,Good,Wrong Side Driving,2023-10-08,2023,10,10,Sunday,Oct,0,0,0,Morning,8
ACC00593,Junagadh,Veraval PS,2024-03-23 19:20:00,21.410038,69.825246,Bypass Road,National Highway,Damage Only,3,0,0,0,0,0,0,0,0,0,Rear-End,Junction/Intersection,Foggy,Daylight,Moderate,Unknown,2024-03-23,2024,3,19,Saturday,Mar,0,0,0,Evening,60
ACC00594,Vadodara,Sayajigunj PS,2022-02-28 17:53:00,20.876721,68.350394,Airport Road,Urban Road,Fatal,3,2,0,0,1,0,1,1,1,0,Rollover,Straight Road,Cloudy,Daylight,Poor,Wrong Side Driving,2022-02-28,2022,2,17,Monday,Feb,3,4,2,Afternoon,-1
ACC00595,Anand,Borsad PS,2022-06-23 02:55:00,21.380885,74.201169,NH-8,State Highway,Minor,3,0,0,2,0,0,1,0,0,0,Head-On,Curve,Unknown,Daylight,Poor,Signal Jumping,2022-06-23,2022,6,2,Thursday,Jun,1,0,3,Night,83
ACC00596,Bharuch,Bharuch City PS,2023-06-07 03:59:00,22.497965,71.616473,SH-41,National Highway,Minor,4,0,0,1,0,0,2,0,0,0,Single Vehicle,Unknown,Unknown,Daylight,Moderate,Signal Jumping,2023-06-07,2023,6,3,Wednesday,Jun,1,0,3,Night,32
ACC00597,Gandhinagar,Kalol PS,2021-11-07 15:52:00,22.384941,72.099068,NH-27,State Highway,Minor,4,0,0,3,0,0,2,0,0,0,Rollover,Pothole Area,Rainy,Daylight,Unknown,Drunk Driving,2021-11-07,2021,11,15,Sunday,Nov,1,0,5,Afternoon,-1
ACC00598,Vadodara,Sayajigunj PS,2023-05-07 22:16:00,23.002721,70.296834,Airport Road,National Highway,Damage Only,4,0,0,0,0,0,0,0,0,0,Single Vehicle,Junction/Intersection,Rainy,Night - No Street Light,Unknown,Overloading,2023-05-07,2023,5,22,Sunday,May,0,0,0,Night,-1
ACC00599,Bhavnagar,Talaja PS,2024-01-18 15:18:00,20.61689,72.856255,SH-14,Rural Road,Damage Only,4,0,0,0,0,0,0,0,0,0,Hit & Run,Junction/Intersection,Rainy,Dawn/Dusk,Good,Signal Jumping,2024-01-18,2024,1,15,Thursday,Jan,0,0,0,Afternoon,36
ACC00600,Bharuch,Bharuch City PS,2022-12-13 22:25:00,23.658936,73.169744,Bypass Road,Urban Road,Fatal,2,1,2,1,0,1,1,1,1,1,Rollover,Curve,Clear,Night - No Street Light,Poor,Unknown,2022-12-13,2022,12,22,Tuesday,Dec,3,2,7,Night,-1
ACC00601,Anand,Borsad PS,2022-06-18 01:17:00,21.107162,68.38746,Bypass Road,Urban Road,Fatal,3,0,1,0,2,2,0,0,1,1,Hit & Run,Curve,Hazy,Night - Street Light On,Good,Unknown,2022-06-18,2022,6,1,Saturday,Jun,3,2,5,Night,20
ACC00602,Junagadh,Junagadh City PS,2024-09-03 01:33:00,22.563174,73.380339,Ring Road,National Highway,Grievous,2,0,3,2,0,0,0,0,0,0,Pedestrian Hit,Junction/Intersection,Rainy,Night - No Street Light,Poor,No Seatbelt,2024-09-03,2024,9,1,Tuesday,Sep,2,0,5,Night,-1
ACC00603,Junagadh,Junagadh City PS,2023-10-25 12:50:00,20.821949,69.549033,NH-8,District Road,Minor,4,0,0,1,0,0,2,0,0,1,Single Vehicle,Junction/Intersection,Unknown,Daylight,Unknown,Unknown,2023-10-25,2023,10,12,Wednesday,Oct,1,0,4,Afternoon,67
ACC00604,Ahmedabad,Naranpura PS,2021-06-01 16:46:00,23.470139,72.778707,Airport Road,Urban Road,Minor,3,0,0,2,0,0,1,0,0,0,Rollover,Straight Road,Unknown,Dawn/Dusk,Moderate,Unknown,2021-06-01,2021,6,16,Tuesday,Jun,1,0,3,Afternoon,77
ACC00605,Gandhinagar,Mansa PS,2023-07-29 06:06:00,23.117833,69.934804,NH-27,State Highway,Damage Only,2,0,0,0,0,0,0,0,0,0,Rear-End,Speed Breaker,Foggy,Dawn/Dusk,Poor,Unknown,2023-07-29,2023,7,6,Saturday,Jul,0,0,0,Morning,51
ACC00606,Anand,Anand City PS,2023-10-15 23:25:00,23.608422,70.949303,Industrial Road,State Highway,Minor,1,0,0,3,0,0,1,0,0,1,Head-On,Curve,Cloudy,Night - No Street Light,Unknown,Unknown,2023-10-15,2023,10,23,Sunday,Oct,1,0,5,Night,9
ACC00607,Vadodara,Sayajigunj PS,2021-07-15 17:10:00,24.433629,68.628499,Ring Road,National Highway,Minor,3,0,0,2,0,0,1,0,0,1,Rollover,Speed Breaker,Unknown,Night - Street Light On,Good,Overloading,2021-07-15,2021,7,17,Thursday,Jul,1,0,4,Afternoon,-1
ACC00608,Vadodara,Sayajigunj PS,2022-10-21 22:36:00,24.108568,69.418112,Airport Road,Urban Road,Grievous,4,0,3,2,0,2,2,0,0,0,Pedestrian Hit,Bridge,Foggy,Night - Street Light On,Poor,Overloading,2022-10-21,2022,10,22,Friday,Oct,2,0,9,Night,50
ACC00610,Anand,Anand City PS,2022-08-31 03:27:00,23.411738,69.807978,SH-20,Urban Road,Grievous,2,0,3,2,0,2,1,0,1,1,Rollover,Speed Breaker,Unknown,Night - Street Light On,Moderate,Mobile Phone Use,2022-08-31,2022,8,3,Wednesday,Aug,2,0,10,Night,9
ACC00611,Mehsana,Unjha PS,2022-11-08 23:46:00,24.368072,72.605013,Bypass Road,Rural Road,Grievous,3,0,1,2,0,2,0,0,1,0,Head-On,Curve,Rainy,Dawn/Dusk,Good,Over Speeding,2022-11-08,2022,11,23,Tuesday,Nov,2,0,6,Night,86
ACC00612,Bharuch,Bharuch City PS,2021-05-06 19:29:00,20.407151,73.665062,SH-20,State Highway,Damage Only,3,0,0,0,0,0,0,0,0,0,Single Vehicle,Unknown,Rainy,Night - No Street Light,Poor,No Seatbelt,2021-05-06,2021,5,19,Thursday,May,0,0,0,Evening,87
ACC00613,Bharuch,Amod PS,2023-04-06 08:35:00,23.133091,69.060257,Expressway,State Highway,Minor,4,0,0,2,0,0,2,0,0,0,Rear-End,Junction/Intersection,Hazy,Daylight,Moderate,Unknown,2023-04-06,2023,4,8,Thursday,Apr,1,0,4,Morning,50
ACC00614,Bhavnagar,Palitana PS,2022-03-05 05:00:00,24.649801,73.161129,NH-53,State Highway,Grievous,2,0,2,2,0,2,1,0,1,1,Rear-End,Flyover,Clear,Night - No Street Light,Good,Over Speeding,2022-03-05,2022,3,5,Saturday,Mar,2,0,9,Night,63
ACC00615,Gandhinagar,Dehgam PS,2021-08-29 07:35:00,23.66003,70.336447,SH-41,Rural Road,Minor,3,0,0,3,0,0,0,0,0,1,Rollover,Straight Road,Hazy,Night - Street Light On,Moderate,Unknown,2021-08-29,2021,8,7,Sunday,Aug,1,0,4,Morning,9
ACC00616,Junagadh,Porbandar PS,2023-10-01 22:50:00,20.653103,72.20818,NH-53,Urban Road,Grievous,2,0,2,1,0,2,0,0,0,0,Head-On,Flyover,Cloudy,Night - No Street Light,Unknown,Wrong Side Driving,2023-10-01,2023,10,22,Sunday,Oct,2,0,5,Night,12
ACC00617,Mehsana,Visnagar PS,2023-12-14 06:00:00,21.610877,73.869585,Airport Road,State Highway,Fatal,1,2,2,1,2,2,0,1,1,0,Head-On,Straight Road,Unknown,Night - No Street Light,Unknown,No Seatbelt,2023-12-14,2023,12,6,Thursday,Dec,3,5,6,Morning,71
ACC00618,Bhavnagar,Palitana PS,2023-10-02 05:30:00,23.078723,68.75449,SH-20,Urban Road,Grievous,4,0,1,0,0,2,1,0,1,0,Head-On,Pothole Area,Rainy,Night - Street Light On,Moderate,Drunk Driving,2023-10-02,2023,10,5,Monday,Oct,2,0,5,Night,53
ACC00619,Ahmedabad,Bapunagar PS,2022-07-23 06:41:00,20.176702,73.443849,SH-20,Urban Road,Minor,4,0,0,2,0,0,2,0,0,0,Single Vehicle,Speed Breaker,Unknown,Night - No Street Light,Good,Unknown,2022-07-23,2022,7,6,Saturday,Jul,1,0,4,Morning,72
ACC00620,Ahmedabad,Maninagar PS,2023-10-25 04:46:00,20.893892,71.933733,Expressway,Rural Road,Grievous,3,0,2,0,0,2,1,0,1,0,Rollover,Pothole Area,Unknown,Daylight,Poor,Mobile Phone Use,2023-10-25,2023,10,4,Wednesday,Oct,2,0,6,Night,-1
ACC00621,Ahmedabad,Naranpura PS,2021-07-05 05:46:00,21.560506,68.226676,NH-53,Urban Road,Minor,2,0,0,2,0,0,2,0,0,0,Pedestrian Hit,Unknown,Unknown,Night - No Street Light,Unknown,Drunk Driving,2021-07-05,2021,7,5,Monday,Jul,1,0,4,Night,85
ACC00622,Vadodara,Waghodiya PS,2021-04-20 12:45:00,21.383232,70.708091,SH-41,Urban Road,Damage Only,3,0,0,0,0,0,0,0,0,0,Rear-End,Curve,Rainy,Night - No Street Light,Poor,Overloading,2021-04-20,2021,4,12,Tuesday,Apr,0,0,0,Afternoon,33
ACC00623,Ahmedabad,Bodakdev PS,2022-12-29 18:23:00,23.052399,72.075466,SH-41,Urban Road,Minor,2,0,0,3,0,0,1,0,0,1,Rear-End,Unknown,Hazy,Dawn/Dusk,Moderate,Unknown,2022-12-29,2022,12,18,Thursday,Dec,1,0,5,Evening,3
ACC00624,Gandhinagar,Sector 7 PS,2022-12-02 22:32:00,23.518406,71.333616,SH-6,National Highway,Fatal,2,1,2,1,2,2,1,1,1,0,Side Impact,Junction/Intersection,Clear,Daylight,Moderate,Overloading,2022-12-02,2022,12,22,Friday,Dec,3,4,7,Night,11
ACC00625,Ahmedabad,Chandkheda PS,2021-01-17 05:26:00,21.64869,69.278803,SH-20,Rural Road,Minor,4,0,0,3,0,0,2,0,0,1,Side Impact,Speed Breaker,Rainy,Daylight,Unknown,Unknown,2021-01-17,2021,1,5,Sunday,Jan,1,0,6,Night,38
ACC00626,Anand,Borsad PS,2022-05-14 08:46:00,21.65424,69.991092,SH-6,Urban Road,Minor,4,0,0,3,0,0,0,0,0,0,Pedestrian Hit,Speed Breaker,Clear,Dawn/Dusk,Unknown,Mobile Phone Use,2022-05-14,2022,5,8,Saturday,May,1,0,3,Morning,-1
ACC00627,Junagadh,Keshod PS,2022-09-08 19:44:00,21.012926,72.836656,NH-53,National Highway,Fatal,4,1,0,0,0,0,0,1,1,0,Single Vehicle,Straight Road,Clear,Night - No Street Light,Moderate,No Helmet,2022-09-08,2022,9,19,Thursday,Sep,3,2,1,Evening,68
ACC00628,Gandhinagar,Sector 21 PS,2022-01-14 07:54:00,20.514768,72.413696,SH-41,Urban Road,Minor,4,0,0,3,0,0,0,0,0,1,Pedestrian Hit,Bridge,Rainy,Night - No Street Light,Good,Overloading,2022-01-14,2022,1,7,Friday,Jan,1,0,4,Morning,88
ACC00629,Anand,Borsad PS,2024-12-17 07:48:00,21.88284,73.992153,Ring Road,State Highway,Minor,1,0,0,2,0,0,1,0,0,0,Pedestrian Hit,Junction/Intersection,Unknown,Dawn/Dusk,Unknown,Unknown,2024-12-17,2024,12,7,Tuesday,Dec,1,0,3,Morning,49
ACC00631,Anand,Anand City PS,2022-11-27 12:41:00,20.793439,72.354219,Bypass Road,State Highway,Minor,1,0,0,2,0,0,0,0,0,1,Head-On,Bridge,Rainy,Night - Street Light On,Unknown,Unknown,2022-11-27,2022,11,12,Sunday,Nov,1,0,3,Afternoon,12
ACC00632,Ahmedabad,Bodakdev PS,2021-01-26 05:20:00,22.432064,68.173009,City Road,State Highway,Minor,1,0,0,3,0,0,1,0,0,1,Single Vehicle,Flyover,Clear,Night - No Street Light,Unknown,Mobile Phone Use,2021-01-26,2021,1,5,Tuesday,Jan,1,0,5,Night,25
ACC00633,Mehsana,Visnagar PS,2024-01-01 11:07:00,24.611379,70.515872,City Road,National Highway,Fatal,4,1,0,1,0,1,0,1,1,1,Head-On,Junction/Intersection,Unknown,Night - No Street Light,Moderate,Unknown,2024-01-01,2024,1,11,Monday,Jan,3,2,4,Morning,46
ACC00634,Surat,Piplod PS,2024-11-06 11:16:00,23.204983,68.248241,SH-14,State Highway,Minor,1,0,0,3,0,0,0,0,0,1,Rear-End,Bridge,Clear,Dawn/Dusk,Poor,Mobile Phone Use,2024-11-06,2024,11,11,Wednesday,Nov,1,0,4,Morning,50
ACC00635,Surat,Piplod PS,2023-03-23 07:11:00,20.535034,72.087396,Ring Road,District Road,Grievous,1,0,2,1,0,0,0,0,1,0,Side Impact,Bridge,Unknown,Night - Street Light On,Unknown,Over Speeding,2023-03-23,2023,3,7,Thursday,Mar,2,0,4,Morning,10
ACC00636,Junagadh,Junagadh City PS,2022-11-23 20:47:00,21.943402,72.804632,Expressway,Urban Road,Damage Only,3,0,0,0,0,0,0,0,0,0,Single Vehicle,Straight Road,Cloudy,Daylight,Moderate,Unknown,2022-11-23,2022,11,20,Wednesday,Nov,0,0,0,Evening,19
ACC00637,Gandhinagar,Dehgam PS,2023-11-19 17:54:00,23.293583,71.712017,SH-6,Urban Road,Fatal,1,2,1,1,1,1,0,0,0,0,Pedestrian Hit,Junction/Intersection,Unknown,Night - Street Light On,Poor,Unknown,2023-11-19,2023,11,17,Sunday,Nov,3,3,3,Afternoon,3
ACC00638,Anand,Vallabh Vidyanagar PS,2022-07-17 08:29:00,24.589129,69.494339,NH-48,District Road,Fatal,4,2,1,1,2,0,0,1,1,1,Single Vehicle,Straight Road,Hazy,Night - No Street Light,Unknown,Unknown,2022-07-17,2022,7,8,Sunday,Jul,3,5,4,Morning,4
ACC00639,Bharuch,Jhagadia PS,2023-06-30 04:29:00,22.395283,69.171084,Ring Road,State Highway,Damage Only,3,0,0,0,0,0,0,0,0,0,Side Impact,Pothole Area,Hazy,Daylight,Unknown,Unknown,2023-06-30,2023,6,4,Friday,Jun,0,0,0,Night,14
ACC00640,Ahmedabad,Maninagar PS,2023-12-21 11:19:00,21.550555,68.286257,Industrial Road,National Highway,Minor,3,0,0,3,0,0,2,0,0,1,Rollover,Junction/Intersection,Hazy,Dawn/Dusk,Unknown,Over Speeding,2023-12-21,2023,12,11,Thursday,Dec,1,0,6,Morning,85
ACC00641,Rajkot,Kalawad PS,2024-01-06 04:24:00,24.008474,69.475324,NH-27,District Road,Minor,2,0,0,2,0,0,2,0,0,1,Rollover,Flyover,Rainy,Dawn/Dusk,Unknown,No Helmet,2024-01-06,2024,1,4,Saturday,Jan,1,0,5,Night,50
ACC00642,Bharuch,Jhagadia PS,2024-07-14 03:42:00,24.517101,70.101983,Airport Road,District Road,Fatal,4,0,0,1,0,1,2,1,0,1,Rollover,Flyover,Cloudy,Dawn/Dusk,Unknown,Mobile Phone Use,2024-07-14,2024,7,3,Sunday,Jul,3,1,5,Night,46
ACC00643,Ahmedabad,Bodakdev PS,2024-04-03 20:26:00,21.987351,71.998919,NH-53,State Highway,Minor,2,0,0,1,0,0,2,0,0,1,Rollover,Straight Road,Hazy,Dawn/Dusk,Good,No Helmet,2024-04-03,2024,4,20,Wednesday,Apr,1,0,4,Evening,66
ACC00644,Ahmedabad,Chandkheda PS,2021-02-16 23:38:00,23.108934,73.539661,SH-41,National Highway,Grievous,3,0,2,0,0,0,0,0,1,0,Rear-End,Pothole Area,Rainy,Night - Street Light On,Unknown,Wrong Side Driving,2021-02-16,2021,2,23,Tuesday,Feb,2,0,3,Night,-1
ACC00645,Mehsana,Unjha PS,2024-11-01 19:28:00,23.765066,71.251354,NH-27,National Highway,Fatal,1,2,1,1,0,1,0,1,0,0,Pedestrian Hit,Junction/Intersection,Rainy,Night - Street Light On,Unknown,Drunk Driving,2024-11-01,2024,11,19,Friday,Nov,3,3,3,Evening,11
ACC00646,Bhavnagar,Mahuva PS,2021-02-18 14:30:00,20.375017,73.318339,Expressway,State Highway,Fatal,1,0,1,0,1,2,1,0,0,1,Pedestrian Hit,Unknown,Cloudy,Dawn/Dusk,Unknown,Drunk Driving,2021-02-18,2021,2,14,Thursday,Feb,3,1,5,Afternoon,72
ACC00647,Rajkot,Kalawad PS,2022-03-07 08:06:00,23.291094,72.567222,NH-8,District Road,Minor,3,0,0,3,0,0,1,0,0,0,Rear-End,Junction/Intersection,Foggy,Dawn/Dusk,Poor,Overloading,2022-03-07,2022,3,8,Monday,Mar,1,0,4,Morning,77
ACC00648,Vadodara,Fatehgunj PS,2023-12-05 09:01:00,21.805915,69.934675,Expressway,Urban Road,Grievous,2,0,3,0,0,1,1,0,0,1,Rear-End,Junction/Intersection,Cloudy,Dawn/Dusk,Poor,Signal Jumping,2023-12-05,2023,12,9,Tuesday,Dec,2,0,6,Morning,1
ACC00649,Surat,Katargam PS,2024-04-09 09:09:00,21.293337,72.796381,Airport Road,National Highway,Fatal,3,1,0,1,1,1,1,0,0,0,Hit & Run,Curve,Foggy,Night - Street Light On,Poor,Unknown,2024-04-09,2024,4,9,Tuesday,Apr,3,2,3,Morning,19
ACC00650,Bharuch,Ankleshwar PS,2022-09-26 06:14:00,22.89975,68.853426,SH-6,District Road,Minor,3,0,0,3,0,0,0,0,0,1,Side Impact,Speed Breaker,Unknown,Daylight,Moderate,Wrong Side Driving,2022-09-26,2022,9,6,Monday,Sep,1,0,4,Morning,-1
ACC00651,Ahmedabad,Chandkheda PS,2023-11-06 02:17:00,22.559868,73.597478,NH-8,National Highway,Damage Only,2,0,0,0,0,0,0,0,0,0,Head-On,Speed Breaker,Rainy,Night - Street Light On,Poor,Signal Jumping,2023-11-06,2023,11,2,Monday,Nov,0,0,0,Night,69
ACC00652,Rajkot,Kalawad PS,2021-12-30 01:38:00,21.376392,72.720025,NH-27,National Highway,Minor,4,0,0,2,0,0,0,0,0,0,Rear-End,Straight Road,Rainy,Night - Street Light On,Moderate,Unknown,2021-12-30,2021,12,1,Thursday,Dec,1,0,2,Night,19
ACC00653,Bharuch,Bharuch City PS,2022-02-07 15:07:00,22.289765,71.813068,Industrial Road,Urban Road,Damage Only,2,0,0,0,0,0,0,0,0,0,Hit & Run,Straight Road,Hazy,Dawn/Dusk,Good,Overloading,2022-02-07,2022,2,15,Monday,Feb,0,0,0,Afternoon,32
ACC00654,Bhavnagar,Mahuva PS,2023-07-24 00:16:00,22.866229,69.212151,Airport Road,Urban Road,Damage Only,3,0,0,0,0,0,0,0,0,0,Hit & Run,Pothole Area,Foggy,Night - No Street Light,Moderate,No Helmet,2023-07-24,2023,7,0,Monday,Jul,0,0,0,Night,30
ACC00655,Junagadh,Manavadar PS,2022-09-25 20:28:00,23.580416,68.141059,Airport Road,State Highway,Damage Only,4,0,0,0,0,0,0,0,0,0,Hit & Run,Curve,Clear,Dawn/Dusk,Poor,Drunk Driving,2022-09-25,2022,9,20,Sunday,Sep,0,0,0,Evening,16
ACC00656,Bharuch,Amod PS,2022-01-10 06:49:00,21.166293,70.023918,NH-8,National Highway,Damage Only,2,0,0,0,0,0,0,0,0,0,Rollover,Pothole Area,Foggy,Night - Street Light On,Moderate,No Helmet,2022-01-10,2022,1,6,Monday,Jan,0,0,0,Morning,-1
ACC00657,Rajkot,Kalawad PS,2021-12-18 05:39:00,21.598134,71.084784,Industrial Road,District Road,Damage Only,3,0,0,0,0,0,0,0,0,0,Pedestrian Hit,Pothole Area,Foggy,Night - Street Light On,Poor,Overloading,2021-12-18,2021,12,5,Saturday,Dec,0,0,0,Night,70
ACC00658,Bharuch,Ankleshwar PS,2022-09-20 10:46:00,23.527984,70.779377,Ring Road,District Road,Minor,2,0,0,2,0,0,1,0,0,0,Pedestrian Hit,Flyover,Cloudy,Daylight,Unknown,No Helmet,2022-09-20,2022,9,10,Tuesday,Sep,1,0,3,Morning,9
ACC00659,Rajkot,Mavdi PS,2024-09-17 22:16:00,21.817986,73.082796,SH-20,District Road,Minor,0,0,0,1,0,0,0,0,0,1,Rollover,Curve,Rainy,Dawn/Dusk,Poor,Drunk Driving,2024-09-17,2024,9,22,Tuesday,Sep,1,0,2,Night,-1