Accident_ID,District,Police_Station,Accident_DateTime,Latitude,Longitude,Road_Name,Road_Classification,Severity,No_of_Vehicles,Drivers_Killed,Drivers_Grievous_Injury,Drivers_Minor_Injury,Passengers_Killed,Passengers_Grievous_Injury,Passengers_Minor_Injury,Pedestrians_Killed,Pedestrians_Grievous_Injury,Pedestrians_Minor_Injury,Collision_Type,Collision_Feature,Weather_Condition,Light_Condition,Visibility,Traffic_Violation,Date,Year,Month,Hour,DayOfWeek,Month_Name,Severity_Score,Total_Killed,Total_Injured,Time_Category,DBSCAN_Cluster
ACC00660,Mehsana,Patan PS,2023-08-21 01:49:00,23.263884,71.16836,SH-14,National Highway,Fatal,3,1,0,1,1,0,2,0,1,1,Rollover,Straight Road,Clear,Daylight,Poor,Mobile Phone Use,2023-08-21,2023,8,1,Monday,Aug,3,2,5,Night,9
ACC00661,Vadodara,Fatehgunj PS,2024-04-22 09:36:00,20.504824,71.708219,NH-8,State Highway,Grievous,3,0,2,1,0,0,2,0,1,0,Single Vehicle,Speed Breaker,Foggy,Daylight,Moderate,Drunk Driving,2024-04-22,2024,4,9,Monday,Apr,2,0,6,Morning,10
ACC00662,Mehsana,Unjha PS,2023-08-02 11:21:00,24.568618,71.902786,NH-48,Urban Road,Grievous,1,0,2,2,0,2,0,0,0,1,Rear-End,Bridge,Cloudy,Dawn/Dusk,Unknown,Over Speeding,2023-08-02,2023,8,11,Wednesday,Aug,2,0,7,Morning,-1
ACC00663,Junagadh,Veraval PS,2024-01-09 15:18:00,23.01812,71.661433,Airport Road,Rural Road,Grievous,0,0,3,0,0,1,1,0,1,0,Pedestrian Hit,Curve,Hazy,Daylight,Unknown,Unknown,2024-01-09,2024,1,15,Tuesday,Jan,2,0,6,Afternoon,3
ACC00664,Vadodara,Waghodiya PS,2021-05-30 05:41:00,22.188617,72.758589,Ring Road,National Highway,Minor,2,0,0,2,0,0,1,0,0,0,Head-On,Junction/Intersection,Clear,Dawn/Dusk,Good,Over Speeding,2021-05-30,2021,5,5,Sunday,May,1,0,3,Night,59
ACC00665,Gandhinagar,Sector 7 PS,2024-04-11 21:49:00,22.205665,72.950545,Industrial Road,Urban Road,Minor,2,0,0,2,0,0,0,0,0,0,Side Impact,Pothole Area,Hazy,Night - Street Light On,Moderate,Signal Jumping,2024-04-11,2024,4,21,Thursday,Apr,1,0,2,Evening,59
ACC00666,Surat,Piplod PS,2024-05-17 01:49:00,21.70319,73.584503,SH-6,District Road,Minor,2,0,0,2,0,0,0,0,0,0,Single Vehicle,Junction/Intersection,Rainy,Dawn/Dusk,Poor,Wrong Side Driving,2024-05-17,2024,5,1,Friday,May,1,0,2,Night,93
ACC00667,Mehsana,Mehsana City PS,2023-02-08 00:28:00,24.029265,68.41005,Bypass Road,State Highway,Damage Only,1,0,0,0,0,0,0,0,0,0,Hit & Run,Flyover,Cloudy,Daylight,Good,Signal Jumping,2023-02-08,2023,2,0,Wednesday,Feb,0,0,0,Night,-1
ACC00668,Vadodara,Fatehgunj PS,2021-09-04 15:47:00,23.54854,69.303181,NH-27,Rural Road,Minor,1,0,0,2,0,0,1,0,0,1,Pedestrian Hit,Bridge,Foggy,Daylight,Unknown,Over Speeding,2021-09-04,2021,9,15,Saturday,Sep,1,0,4,Afternoon,50
ACC00669,Ahmedabad,Chandkheda PS,2023-01-09 09:53:00,24.451327,69.544961,Expressway,National Highway,Minor,3,0,0,1,0,0,0,0,0,0,Head-On,Flyover,Cloudy,Dawn/Dusk,Good,Mobile Phone Use,2023-01-09,2023,1,9,Monday,Jan,1,0,1,Morning,-1
ACC00670,Vadodara,Gotri PS,2021-01-19 04:33:00,23.297323,68.485443,NH-8,National Highway,Fatal,4,1,1,0,0,0,0,0,1,0,Rear-End,Pothole Area,Foggy,Night - No Street Light,Unknown,Signal Jumping,2021-01-19,2021,1,4,Tuesday,Jan,3,1,2,Night,50
ACC00671,Rajkot,Kalavad Road PS,2023-04-07 20:23:00,21.319834,73.034594,SH-20,State Highway,Minor,4,0,0,3,0,0,0,0,0,0,Head-On,Straight Road,Unknown,Night - Street Light On,Unknown,Over Speeding,2023-04-07,2023,4,20,Friday,Apr,1,0,3,Evening,19
ACC00672,Vadodara,Sayajigunj PS,2021-01-31 11:57:00,22.031461,74.203002,Bypass Road,Urban Road,Minor,0,0,0,2,0,0,1,0,0,0,Hit & Run,Speed Breaker,Cloudy,Night - Street Light On,Good,Mobile Phone Use,2021-01-31,2021,1,11,Sunday,Jan,1,0,3,Morning,41
ACC00673,Bharuch,Amod PS,2023-01-19 19:42:00,22.297833,73.467401,SH-6,Urban Road,Minor,4,0,0,2,0,0,2,0,0,0,Rear-End,Curve,Rainy,Night - Street Light On,Good,Drunk Driving,2023-01-19,2023,1,19,Thursday,Jan,1,0,4,Evening,-1
ACC00674,Rajkot,Mavdi PS,2022-05-29 05:46:00,21.611678,72.310645,Airport Road,State Highway,Grievous,2,0,3,2,0,2,0,0,0,1,Rollover,Junction/Intersection,Rainy,Night - No Street Light,Unknown,No Helmet,2022-05-29,2022,5,5,Sunday,May,2,0,8,Night,6
ACC00675,Rajkot,Mavdi PS,2021-01-30 04:40:00,23.755952,70.131954,Industrial Road,Rural Road,Fatal,4,2,2,0,1,2,1,1,1,1,Hit & Run,Junction/Intersection,Rainy,Dawn/Dusk,Unknown,Wrong Side Driving,2021-01-30,2021,1,4,Saturday,Jan,3,4,7,Night,9
ACC00676,Vadodara,Waghodiya PS,2022-11-30 15:49:00,23.150941,70.256963,Airport Road,Urban Road,Minor,2,0,0,2,0,0,0,0,0,0,Side Impact,Junction/Intersection,Cloudy,Daylight,Moderate,Drunk Driving,2022-11-30,2022,11,15,Wednesday,Nov,1,0,2,Afternoon,-1
ACC00677,Junagadh,Veraval PS,2021-09-16 11:19:00,22.645173,74.187643,Airport Road,State Highway,Minor,2,0,0,3,0,0,2,0,0,1,Rear-End,Speed Breaker,Rainy,Night - Street Light On,Moderate,Over Speeding,2021-09-16,2021,9,11,Thursday,Sep,1,0,6,Morning,106
ACC00678,Junagadh,Manavadar PS,2021-11-07 18:55:00,20.316178,71.49858,Expressway,District Road,Damage Only,4,0,0,0,0,0,0,0,0,0,Rollover,Curve,Clear,Night - Street Light On,Moderate,Signal Jumping,2021-11-07,2021,11,18,Sunday,Nov,0,0,0,Evening,0
ACC00679,Rajkot,Kalavad Road PS,2021-04-11 12:18:00,22.500043,71.102239,SH-20,Rural Road,Minor,3,0,0,1,0,0,2,0,0,0,Rear-End,Junction/Intersection,Clear,Daylight,Poor,Unknown,2021-04-11,2021,4,12,Sunday,Apr,1,0,3,Afternoon,5
ACC00680,Surat,Adajan PS,2021-10-15 04:30:00,23.617127,74.090737,SH-6,State Highway,Minor,3,0,0,1,0,0,0,0,0,1,Hit & Run,Pothole Area,Cloudy,Dawn/Dusk,Moderate,Wrong Side Driving,2021-10-15,2021,10,4,Friday,Oct,1,0,2,Night,-1
ACC00681,Vadodara,Manjalpur PS,2021-09-10 23:47:00,23.19266,68.997173,SH-14,Rural Road,Grievous,4,0,3,0,0,1,1,0,1,0,Pedestrian Hit,Pothole Area,Clear,Night - No Street Light,Good,Unknown,2021-09-10,2021,9,23,Friday,Sep,2,0,6,Night,50
ACC00682,Vadodara,Sayajigunj PS,2022-12-01 08:02:00,24.199137,71.039112,Industrial Road,District Road,Minor,1,0,0,1,0,0,2,0,0,1,Rear-End,Pothole Area,Cloudy,Night - No Street Light,Moderate,Unknown,2022-12-01,2022,12,8,Thursday,Dec,1,0,4,Morning,23
ACC00683,Rajkot,Kalawad PS,2024-12-07 13:26:00,20.583874,73.406647,Expressway,Urban Road,Fatal,3,1,2,0,0,0,1,0,0,1,Side Impact,Pothole Area,Hazy,Night - No Street Light,Unknown,Unknown,2024-12-07,2024,12,13,Saturday,Dec,3,1,4,Afternoon,13
ACC00684,Bhavnagar,Palitana PS,2024-09-25 08:06:00,23.9008,71.921836,Industrial Road,Urban Road,Damage Only,1,0,0,0,0,0,0,0,0,0,Hit & Run,Flyover,Unknown,Dawn/Dusk,Good,Unknown,2024-09-25,2024,9,8,Wednesday,Sep,0,0,0,Morning,7
ACC00685,Bhavnagar,Bhavnagar City PS,2024-03-24 03:07:00,21.197626,72.568623,Industrial Road,National Highway,Grievous,4,0,3,1,0,0,2,0,1,1,Hit & Run,Pothole Area,Unknown,Daylight,Poor,Unknown,2024-03-24,2024,3,3,Sunday,Mar,2,0,8,Night,19
ACC00686,Surat,Katargam PS,2024-03-07 05:01:00,21.613226,70.696507,NH-48,Rural Road,Grievous,3,0,1,1,0,1,1,0,0,0,Single Vehicle,Junction/Intersection,Foggy,Night - No Street Light,Poor,Wrong Side Driving,2024-03-07,2024,3,5,Thursday,Mar,2,0,4,Night,43
ACC00687,Rajkot,Bhaktinagar PS,2024-01-26 20:20:00,23.565268,69.183965,Bypass Road,Urban Road,Minor,1,0,0,3,0,0,0,0,0,1,Pedestrian Hit,Junction/Intersection,Hazy,Night - Street Light On,Poor,Mobile Phone Use,2024-01-26,2024,1,20,Friday,Jan,1,0,4,Evening,50
ACC00688,Bharuch,Amod PS,2023-10-16 20:11:00,21.029886,71.158276,SH-20,State Highway,Damage Only,1,0,0,0,0,0,0,0,0,0,Pedestrian Hit,Junction/Intersection,Rainy,Night - Street Light On,Poor,Over Speeding,2023-10-16,2023,10,20,Monday,Oct,0,0,0,Evening,0
ACC00689,Rajkot,Bhaktinagar PS,2022-09-28 16:44:00,21.462537,69.220821,Industrial Road,State Highway,Minor,3,0,0,3,0,0,1,0,0,1,Single Vehicle,Straight Road,Clear,Dawn/Dusk,Poor,Signal Jumping,2022-09-28,2022,9,16,Wednesday,Sep,1,0,5,Afternoon,38
ACC00690,Vadodara,Manjalpur PS,2021-08-01 23:52:00,23.773041,74.215695,SH-20,State Highway,Minor,4,0,0,1,0,0,2,0,0,0,Rear-End,Straight Road,Rainy,Night - Street Light On,Poor,Over Speeding,2021-08-01,2021,8,23,Sunday,Aug,1,0,3,Night,56
ACC00691,Rajkot,Mavdi PS,2023-06-21 20:51:00,20.157124,68.230876,Industrial Road,National Highway,Grievous,4,0,3,2,0,2,1,0,1,1,Hit & Run,Bridge,Hazy,Night - Street Light On,Unknown,Signal Jumping,2023-06-21,2023,6,20,Wednesday,Jun,2,0,10,Evening,-1
ACC00692,Gandhinagar,Kalol PS,2023-01-29 11:57:00,21.179647,68.585355,Expressway,Rural Road,Grievous,4,0,2,2,0,2,0,0,1,0,Rear-End,Flyover,Unknown,Night - Street Light On,Moderate,Drunk Driving,2023-01-29,2023,1,11,Sunday,Jan,2,0,7,Morning,-1
ACC00693,Junagadh,Keshod PS,2023-08-11 08:36:00,22.217099,71.823696,NH-27,Urban Road,Grievous,2,0,3,0,0,0,1,0,1,1,Rear-End,Unknown,Cloudy,Daylight,Poor,Overloading,2023-08-11,2023,8,8,Friday,Aug,2,0,6,Morning,32
ACC00694,Surat,Piplod PS,2023-10-03 13:45:00,20.713441,72.269345,SH-14,Urban Road,Fatal,3,0,2,1,2,0,0,0,1,0,Rollover,Junction/Intersection,Foggy,Night - Street Light On,Unknown,Signal Jumping,2023-10-03,2023,10,13,Tuesday,Oct,3,2,4,Afternoon,12
ACC00695,Vadodara,Fatehgunj PS,2022-05-25 19:49:00,20.924968,72.191264,Bypass Road,Rural Road,Minor,0,0,0,3,0,0,1,0,0,0,Single Vehicle,Straight Road,Clear,Dawn/Dusk,Unknown,No Seatbelt,2022-05-25,2022,5,19,Wednesday,May,1,0,4,Evening,12
ACC00696,Bharuch,Ankleshwar PS,2021-07-16 09:22:00,22.07966,68.671627,SH-14,State Highway,Fatal,1,2,2,0,1,2,0,0,0,1,Hit & Run,Junction/Intersection,Unknown,Daylight,Poor,Overloading,2021-07-16,2021,7,9,Friday,Jul,3,3,5,Morning,-1
ACC00697,Vadodara,Sayajigunj PS,2023-12-20 00:00:00,21.508814,71.678896,SH-20,National Highway,Minor,2,0,0,2,0,0,0,0,0,0,Pedestrian Hit,Curve,Rainy,Dawn/Dusk,Moderate,Unknown,2023-12-20,2023,12,0,Wednesday,Dec,1,0,2,Night,34
ACC00698,Bhavnagar,Talaja PS,2024-03-21 05:57:00,23.991476,71.296171,SH-41,State Highway,Damage Only,1,0,0,0,0,0,0,0,0,0,Pedestrian Hit,Speed Breaker,Clear,Daylight,Poor,Mobile Phone Use,2024-03-21,2024,3,5,Thursday,Mar,0,0,0,Night,11
ACC00699,Bharuch,Ankleshwar PS,2024-04-23 16:10:00,22.389195,74.383254,SH-20,State Highway,Grievous,1,0,1,1,0,0,1,0,1,0,Hit & Run,Speed Breaker,Cloudy,Dawn/Dusk,Good,Unknown,2024-04-23,2024,4,16,Tuesday,Apr,2,0,4,Afternoon,-1
ACC00700,Rajkot,Kalawad PS,2021-03-27 11:03:00,24.337173,73.830909,Expressway,District Road,Minor,4,0,0,3,0,0,2,0,0,0,Pedestrian Hit,Straight Road,Hazy,Daylight,Poor,Unknown,2021-03-27,2021,3,11,Saturday,Mar,1,0,5,Morning,91
ACC00701,Gandhinagar,Mansa PS,2021-10-05 14:48:00,24.443537,70.841375,NH-27,National Highway,Grievous,4,0,2,1,0,2,1,0,0,0,Hit & Run,Unknown,Clear,Night - No Street Light,Unknown,Unknown,2021-10-05,2021,10,14,Tuesday,Oct,2,0,6,Afternoon,-1
ACC00702,Rajkot,Rajkot Central PS,2022-09-21 18:47:00,22.59682,72.757319,Airport Road,National Highway,Minor,1,0,0,3,0,0,1,0,0,0,Head-On,Unknown,Foggy,Dawn/Dusk,Moderate,No Helmet,2022-09-21,2022,9,18,Wednesday,Sep,1,0,4,Evening,92
ACC00703,Junagadh,Veraval PS,2024-10-26 22:02:00,20.553793,73.721843,Expressway,Urban Road,Minor,4,0,0,1,0,0,2,0,0,0,Side Impact,Curve,Cloudy,Night - Street Light On,Good,Over Speeding,2024-10-26,2024,10,22,Saturday,Oct,1,0,3,Night,87
ACC00704,Gandhinagar,Sector 21 PS,2022-05-08 21:52:00,21.621453,70.556469,SH-6,Urban Road,Damage Only,2,0,0,0,0,0,0,0,0,0,Side Impact,Bridge,Clear,Night - Street Light On,Moderate,Unknown,2022-05-08,2022,5,21,Sunday,May,0,0,0,Evening,43
ACC00705,Bhavnagar,Talaja PS,2023-05-16 21:36:00,24.249604,74.023719,City Road,District Road,Damage Only,4,0,0,0,0,0,0,0,0,0,Single Vehicle,Bridge,Unknown,Daylight,Unknown,No Seatbelt,2023-05-16,2023,5,21,Tuesday,May,0,0,0,Evening,58
ACC00707,Junagadh,Veraval PS,2022-08-07 18:16:00,20.649243,73.669367,NH-27,State Highway,Fatal,1,1,0,1,0,2,0,0,0,0,Rollover,Curve,Rainy,Daylight,Unknown,Overloading,2022-08-07,2022,8,18,Sunday,Aug,3,1,3,Evening,87
ACC00708,Anand,Petlad PS,2023-01-30 14:47:00,22.846207,73.981778,NH-8,District Road,Damage Only,3,0,0,0,0,0,0,0,0,0,Rear-End,Pothole Area,Foggy,Daylight,Good,Signal Jumping,2023-01-30,2023,1,14,Monday,Jan,0,0,0,Afternoon,17
ACC00709,Gandhinagar,Sector 7 PS,2022-12-19 14:12:00,20.35957,74.064974,Airport Road,National Highway,Fatal,4,0,0,0,0,1,2,1,0,0,Head-On,Pothole Area,Rainy,Night - No Street Light,Unknown,Over Speeding,2022-12-19,2022,12,14,Monday,Dec,3,1,3,Afternoon,65
ACC00710,Ahmedabad,Bodakdev PS,2023-11-27 17:01:00,20.88161,70.433345,NH-53,District Road,Damage Only,1,0,0,0,0,0,0,0,0,0,Head-On,Straight Road,Cloudy,Daylight,Good,No Seatbelt,2023-11-27,2023,11,17,Monday,Nov,0,0,0,Afternoon,39
ACC00712,Mehsana,Kadi PS,2021-11-10 14:34:00,21.129663,72.705165,Ring Road,National Highway,Fatal,2,0,1,0,1,2,0,1,0,1,Side Impact,Junction/Intersection,Unknown,Daylight,Unknown,Mobile Phone Use,2021-11-10,2021,11,14,Wednesday,Nov,3,2,4,Afternoon,68
ACC00713,Anand,Borsad PS,2023-05-06 14:46:00,24.480921,70.228148,City Road,Rural Road,Damage Only,2,0,0,0,0,0,0,0,0,0,Hit & Run,Speed Breaker,Rainy,Night - Street Light On,Moderate,Wrong Side Driving,2023-05-06,2023,5,14,Saturday,May,0,0,0,Afternoon,46
ACC00714,Bhavnagar,Talaja PS,2023-08-07 17:55:00,21.977757,69.445136,NH-53,National Highway,Damage Only,2,0,0,0,0,0,0,0,0,0,Hit & Run,Pothole Area,Cloudy,Night - No Street Light,Unknown,Over Speeding,2023-08-07,2023,8,17,Monday,Aug,0,0,0,Afternoon,-1
ACC00715,Rajkot,Kalavad Road PS,2024-02-04 05:42:00,22.480504,70.890776,Expressway,District Road,Damage Only,4,0,0,0,0,0,0,0,0,0,Rear-End,Pothole Area,Rainy,Night - No Street Light,Moderate,Unknown,2024-02-04,2024,2,5,Sunday,Feb,0,0,0,Night,5
ACC00716,Bhavnagar,Sihor PS,2021-11-05 13:20:00,24.092938,73.966891,SH-20,District Road,Minor,1,0,0,1,0,0,0,0,0,0,Rollover,Speed Breaker,Hazy,Daylight,Good,Drunk Driving,2021-11-05,2021,11,13,Friday,Nov,1,0,1,Afternoon,58
ACC00717,Bharuch,Bharuch City PS,2022-10-04 11:12:00,24.5066,68.515945,Industrial Road,District Road,Minor,3,0,0,2,0,0,0,0,0,0,Side Impact,Flyover,Cloudy,Dawn/Dusk,Poor,Signal Jumping,2022-10-04,2022,10,11,Tuesday,Oct,1,0,2,Morning,-1
ACC00718,Vadodara,Fatehgunj PS,2023-05-01 03:34:00,21.984527,72.0607,Expressway,National Highway,Fatal,1,0,1,1,1,0,0,1,1,1,Side Impact,Curve,Clear,Night - Street Light On,Unknown,Drunk Driving,2023-05-01,2023,5,3,Monday,May,3,2,4,Night,66
ACC00720,Ahmedabad,Maninagar PS,2024-07-22 10:18:00,24.464304,71.897719,NH-8,State Highway,Minor,3,0,0,1,0,0,2,0,0,1,Hit & Run,Unknown,Hazy,Dawn/Dusk,Moderate,No Helmet,2024-07-22,2024,7,10,Monday,Jul,1,0,4,Morning,-1
ACC00721,Junagadh,Junagadh City PS,2023-09-30 10:57:00,23.087264,69.757614,Ring Road,Rural Road,Fatal,0,0,1,0,2,0,1,0,1,1,Side Impact,Unknown,Unknown,Dawn/Dusk,Good,No Helmet,2023-09-30,2023,9,10,Saturday,Sep,3,2,4,Morning,51
ACC00722,Anand,Anand City PS,2024-11-24 21:17:00,21.643921,73.477848,NH-8,Urban Road,Minor,2,0,0,2,0,0,1,0,0,1,Hit & Run,Junction/Intersection,Rainy,Night - No Street Light,Poor,Unknown,2024-11-24,2024,11,21,Sunday,Nov,1,0,4,Evening,93
ACC00723,Ahmedabad,Bodakdev PS,2024-10-07 02:51:00,21.565624,68.815209,NH-8,Urban Road,Grievous,1,0,3,0,0,0,0,0,0,0,Rear-End,Straight Road,Rainy,Daylight,Moderate,No Helmet,2024-10-07,2024,10,2,Monday,Oct,2,0,3,Night,38
ACC00724,Surat,Varachha PS,2024-06-18 02:09:00,24.541964,72.075318,SH-20,Urban Road,Damage Only,0,0,0,0,0,0,0,0,0,0,Pedestrian Hit,Speed Breaker,Clear,Daylight,Moderate,Wrong Side Driving,2024-06-18,2024,6,2,Tuesday,Jun,0,0,0,Night,64
ACC00725,Vadodara,Sayajigunj PS,2021-07-07 00:27:00,21.172148,68.600295,SH-20,Rural Road,Minor,3,0,0,3,0,0,2,0,0,0,Single Vehicle,Bridge,Rainy,Dawn/Dusk,Moderate,Overloading,2021-07-07,2021,7,0,Wednesday,Jul,1,0,5,Night,-1
ACC00726,Mehsana,Unjha PS,2023-11-06 00:05:00,21.009514,71.51459,SH-6,District Road,Minor,2,0,0,1,0,0,1,0,0,1,Single Vehicle,Flyover,Clear,Night - Street Light On,Moderate,No Helmet,2023-11-06,2023,11,0,Monday,Nov,1,0,3,Night,62
ACC00727,Bhavnagar,Palitana PS,2023-11-04 20:18:00,21.254369,69.616855,NH-48,Urban Road,Minor,1,0,0,1,0,0,1,0,0,0,Single Vehicle,Pothole Area,Foggy,Night - No Street Light,Moderate,Drunk Driving,2023-11-04,2023,11,20,Saturday,Nov,1,0,2,Evening,45
ACC00729,Bharuch,Vagra PS,2023-01-29 15:19:00,21.541984,69.298796,Industrial Road,Urban Road,Minor,3,0,0,2,0,0,1,0,0,1,Rear-End,Unknown,Foggy,Dawn/Dusk,Unknown,Overloading,2023-01-29,2023,1,15,Sunday,Jan,1,0,4,Afternoon,38
ACC00730,Mehsana,Unjha PS,2021-10-18 23:48:00,24.468317,73.066071,Ring Road,State Highway,Minor,2,0,0,1,0,0,2,0,0,0,Pedestrian Hit,Bridge,Foggy,Daylight,Unknown,Unknown,2021-10-18,2021,10,23,Monday,Oct,1,0,3,Night,-1
ACC00731,Rajkot,Rajkot Central PS,2021-02-03 12:30:00,21.65165,70.571061,SH-14,State Highway,Minor,4,0,0,2,0,0,1,0,0,0,Pedestrian Hit,Speed Breaker,Foggy,Night - Street Light On,Moderate,Overloading,2021-02-03,2021,2,12,Wednesday,Feb,1,0,3,Afternoon,43
ACC00732,Mehsana,Mehsana City PS,2022-12-25 03:04:00,23.347711,68.99131,Airport Road,National Highway,Minor,0,0,0,2,0,0,2,0,0,1,Hit & Run,Bridge,Cloudy,Daylight,Poor,Unknown,2022-12-25,2022,12,3,Sunday,Dec,1,0,5,Night,50
ACC00733,Bhavnagar,Palitana PS,2024-06-06 03:38:00,21.396727,73.184883,SH-41,Rural Road,Fatal,4,0,0,0,0,1,2,1,1,1,Rear-End,Bridge,Clear,Daylight,Unknown,No Helmet,2024-06-06,2024,6,3,Thursday,Jun,3,1,5,Night,19
ACC00734,Bhavnagar,Talaja PS,2024-12-01 06:57:00,21.580431,74.218155,SH-6,Rural Road,Minor,3,0,0,3,0,0,0,0,0,1,Single Vehicle,Curve,Rainy,Dawn/Dusk,Unknown,Over Speeding,2024-12-01,2024,12,6,Sunday,Dec,1,0,4,Morning,83
ACC00735,Vadodara,Gotri PS,2022-10-21 02:33:00,22.871959,74.137118,SH-14,Urban Road,Minor,1,0,0,2,0,0,0,0,0,0,Head-On,Flyover,Rainy,Night - No Street Light,Moderate,No Helmet,2022-10-21,2022,10,2,Friday,Oct,1,0,2,Night,44
ACC00736,Surat,Varachha PS,2022-12-31 19:30:00,23.704948,71.153596,SH-20,District Road,Minor,1,0,0,3,0,0,0,0,0,1,Rollover,Curve,Unknown,Night - Street Light On,Good,Mobile Phone Use,2022-12-31,2022,12,19,Saturday,Dec,1,0,4,Evening,11
ACC00737,Rajkot,Kalawad PS,2023-05-17 22:52:00,21.471614,69.965451,NH-48,Urban Road,Minor,4,0,0,3,0,0,1,0,0,0,Single Vehicle,Bridge,Clear,Night - No Street Light,Unknown,Signal Jumping,2023-05-17,2023,5,22,Wednesday,May,1,0,4,Night,60
ACC00738,Bhavnagar,Palitana PS,2022-10-06 03:59:00,21.369367,70.956001,NH-53,State Highway,Minor,4,0,0,2,0,0,0,0,0,1,Rollover,Straight Road,Clear,Daylight,Poor,Unknown,2022-10-06,2022,10,3,Thursday,Oct,1,0,3,Night,-1
ACC00739,Anand,Petlad PS,2021-02-22 20:27:00,21.919473,73.367262,NH-48,Urban Road,Minor,4,0,0,1,0,0,0,0,0,0,Single Vehicle,Speed Breaker,Hazy,Daylight,Good,Signal Jumping,2021-02-22,2021,2,20,Monday,Feb,1,0,1,Evening,-1
ACC00740,Vadodara,Sayajigunj PS,2023-12-07 05:45:00,23.571434,70.230396,Ring Road,Urban Road,Minor,4,0,0,3,0,0,0,0,0,0,Side Impact,Bridge,Cloudy,Daylight,Unknown,Unknown,2023-12-07,2023,12,5,Thursday,Dec,1,0,3,Night,9
ACC00741,Rajkot,Kalawad PS,2021-11-22 03:48:00,21.299472,72.161979,Airport Road,Urban Road,Fatal,1,1,2,0,0,1,1,0,1,1,Head-On,Flyover,Unknown,Night - Street Light On,Unknown,Over Speeding,2021-11-22,2021,11,3,Monday,Nov,3,1,6,Night,-1
ACC00742,Surat,Piplod PS,2022-08-17 15:01:00,23.306774,68.352819,Industrial Road,District Road,Fatal,3,2,0,0,0,0,2,1,1,1,Head-On,Speed Breaker,Cloudy,Daylight,Poor,Drunk Driving,2022-08-17,2022,8,15,Wednesday,Aug,3,3,4,Afternoon,50
ACC00743,Junagadh,Veraval PS,2023-11-13 12:10:00,23.569189,69.333366,SH-14,State Highway,Grievous,4,0,1,0,0,0,0,0,0,1,Hit & Run,Junction/Intersection,Cloudy,Daylight,Unknown,Unknown,2023-11-13,2023,11,12,Monday,Nov,2,0,2,Afternoon,50
ACC00744,Rajkot,Mavdi PS,2024-03-13 23:47:00,23.272849,71.837526,SH-14,State Highway,Minor,1,0,0,2,0,0,0,0,0,0,Side Impact,Pothole Area,Unknown,Night - Street Light On,Poor,Wrong Side Driving,2024-03-13,2024,3,23,Wednesday,Mar,1,0,2,Night,3
ACC00745,Vadodara,Waghodiya PS,2022-02-27 15:46:00,21.60585,71.891422,NH-53,State Highway,Minor,1,0,0,1,0,0,0,0,0,0,Hit & Run,Speed Breaker,Foggy,Night - Street Light On,Good,Unknown,2022-02-27,2022,2,15,Sunday,Feb,1,0,1,Afternoon,34
ACC00746,Surat,Varachha PS,2021-01-01 09:28:00,22.71331,68.437288,SH-6,State Highway,Grievous,4,0,1,2,0,0,1,0,1,0,Single Vehicle,Bridge,Unknown,Night - No Street Light,Good,Mobile Phone Use,2021-01-01,2021,1,9,Friday,Jan,2,0,5,Morning,-1
ACC00747,Vadodara,Waghodiya PS,2023-07-25 06:07:00,23.523598,68.291316,Bypass Road,State Highway,Fatal,3,1,2,0,0,0,2,1,0,0,Rear-End,Unknown,Clear,Night - Street Light On,Unknown,Unknown,2023-07-25,2023,7,6,Tuesday,Jul,3,2,4,Morning,16
ACC00748,Anand,Borsad PS,2021-03-03 01:31:00,22.242227,68.183595,NH-48,District Road,Minor,0,0,0,1,0,0,2,0,0,1,Single Vehicle,Flyover,Foggy,Night - No Street Light,Unknown,Wrong Side Driving,2021-03-03,2021,3,1,Wednesday,Mar,1,0,4,Night,25
ACC00750,Mehsana,Kadi PS,2024-01-21 05:23:00,21.807852,69.017883,Expressway,State Highway,Damage Only,3,0,0,0,0,0,0,0,0,0,Single Vehicle,Curve,Hazy,Dawn/Dusk,Poor,Overloading,2024-01-21,2024,1,5,Sunday,Jan,0,0,0,Night,-1
ACC00751,Gandhinagar,Sector 7 PS,2024-10-09 15:43:00,21.757513,71.893557,NH-53,District Road,Minor,3,0,0,3,0,0,2,0,0,0,Side Impact,Pothole Area,Cloudy,Dawn/Dusk,Moderate,Over Speeding,2024-10-09,2024,10,15,Wednesday,Oct,1,0,5,Afternoon,34
ACC00752,Bhavnagar,Talaja PS,2024-01-12 20:53:00,24.01505,74.256561,NH-8,National Highway,Grievous,1,0,1,2,0,0,2,0,0,1,Rear-End,Bridge,Clear,Dawn/Dusk,Good,Unknown,2024-01-12,2024,1,20,Friday,Jan,2,0,6,Evening,54
ACC00753,Rajkot,Kalavad Road PS,2023-09-29 03:20:00,23.7658,70.588251,City Road,State Highway,Grievous,4,0,3,0,0,2,0,0,0,0,Pedestrian Hit,Speed Breaker,Foggy,Dawn/Dusk,Good,Wrong Side Driving,2023-09-29,2023,9,3,Friday,Sep,2,0,5,Night,9
ACC00754,Mehsana,Unjha PS,2021-05-28 22:19:00,21.968151,71.514391,NH-27,District Road,Minor,2,0,0,3,0,0,0,0,0,0,Pedestrian Hit,Straight Road,Clear,Night - No Street Light,Good,Wrong Side Driving,2021-05-28,2021,5,22,Friday,May,1,0,3,Night,2