Accident_ID,District,Police_Station,Accident_DateTime,Latitude,Longitude,Road_Name,Road_Classification,Severity,No_of_Vehicles,Drivers_Killed,Drivers_Grievous_Injury,Drivers_Minor_Injury,Passengers_Killed,Passengers_Grievous_Injury,Passengers_Minor_Injury,Pedestrians_Killed,Pedestrians_Grievous_Injury,Pedestrians_Minor_Injury,Collision_Type,Collision_Feature,Weather_Condition,Light_Condition,Visibility,Traffic_Violation,Date,Year,Month,Hour,DayOfWeek,Month_Name,Severity_Score,Total_Killed,Total_Injured,Time_Category,DBSCAN_Cluster
ACC00755,Gandhinagar,Kalol PS,2021-09-01 13:22:00,20.148615,70.261968,SH-20,District Road,Minor,4,0,0,1,0,0,1,0,0,1,Rear-End,Speed Breaker,Hazy,Dawn/Dusk,Good,Unknown,2021-09-01,2021,9,13,Wednesday,Sep,1,0,3,Afternoon,-1
ACC00756,Bharuch,Bharuch City PS,2022-06-08 22:30:00,21.865274,68.717443,Expressway,Urban Road,Minor,1,0,0,2,0,0,0,0,0,1,Rollover,Junction/Intersection,Unknown,Dawn/Dusk,Good,No Seatbelt,2022-06-08,2022,6,22,Wednesday,Jun,1,0,3,Night,55
ACC00757,Gandhinagar,Dehgam PS,2021-07-08 02:15:00,23.391799,70.964523,Expressway,Rural Road,Fatal,4,0,0,0,2,0,2,1,1,0,Side Impact,Bridge,Clear,Night - No Street Light,Poor,Unknown,2021-07-08,2021,7,2,Thursday,Jul,3,3,3,Night,9
ACC00758,Ahmedabad,Bapunagar PS,2022-01-07 14:17:00,21.885619,72.218325,NH-48,National Highway,Fatal,3,0,1,1,0,2,0,1,0,0,Side Impact,Pothole Area,Hazy,Dawn/Dusk,Moderate,Overloading,2022-01-07,2022,1,14,Friday,Jan,3,1,4,Afternoon,-1
ACC00759,Rajkot,Kalawad PS,2023-09-23 07:00:00,23.524842,69.212779,Ring Road,District Road,Damage Only,1,0,0,0,0,0,0,0,0,0,Head-On,Curve,Foggy,Dawn/Dusk,Moderate,Overloading,2023-09-23,2023,9,7,Saturday,Sep,0,0,0,Morning,50
ACC00760,Ahmedabad,Maninagar PS,2021-10-13 04:47:00,22.883947,71.225718,NH-8,State Highway,Damage Only,4,0,0,0,0,0,0,0,0,0,Single Vehicle,Pothole Area,Hazy,Night - No Street Light,Good,No Seatbelt,2021-10-13,2021,10,4,Wednesday,Oct,0,0,0,Night,3
ACC00761,Surat,Varachha PS,2023-06-13 17:44:00,20.399807,74.076571,SH-20,National Highway,Damage Only,1,0,0,0,0,0,0,0,0,0,Hit & Run,Curve,Rainy,Daylight,Good,Signal Jumping,2023-06-13,2023,6,17,Tuesday,Jun,0,0,0,Afternoon,65
ACC00762,Bhavnagar,Sihor PS,2024-09-23 06:28:00,22.611227,71.110642,NH-8,State Highway,Fatal,2,1,1,0,0,2,0,1,0,0,Single Vehicle,Bridge,Clear,Daylight,Moderate,Wrong Side Driving,2024-09-23,2024,9,6,Monday,Sep,3,2,3,Morning,5
ACC00763,Junagadh,Veraval PS,2024-04-14 16:00:00,23.832724,69.63516,Bypass Road,District Road,Grievous,1,0,2,0,0,2,2,0,0,0,Pedestrian Hit,Pothole Area,Cloudy,Dawn/Dusk,Unknown,Wrong Side Driving,2024-04-14,2024,4,16,Sunday,Apr,2,0,6,Afternoon,-1
ACC00764,Vadodara,Gotri PS,2021-10-25 02:30:00,24.641864,69.656527,NH-8,State Highway,Grievous,4,0,2,0,0,0,1,0,1,0,Hit & Run,Junction/Intersection,Rainy,Night - No Street Light,Unknown,Over Speeding,2021-10-25,2021,10,2,Monday,Oct,2,0,4,Night,4
ACC00765,Anand,Borsad PS,2024-05-26 07:47:00,22.305083,71.310148,Ring Road,Urban Road,Minor,1,0,0,2,0,0,2,0,0,0,Single Vehicle,Pothole Area,Rainy,Night - Street Light On,Poor,Overloading,2024-05-26,2024,5,7,Sunday,May,1,0,4,Morning,32
ACC00766,Anand,Anand City PS,2024-02-25 02:45:00,20.769593,70.427983,Ring Road,State Highway,Minor,4,0,0,3,0,0,1,0,0,1,Side Impact,Flyover,Foggy,Night - No Street Light,Poor,Mobile Phone Use,2024-02-25,2024,2,2,Sunday,Feb,1,0,5,Night,39
ACC00767,Bhavnagar,Mahuva PS,2024-10-29 19:38:00,22.740345,68.673222,Bypass Road,Urban Road,Grievous,3,0,2,1,0,2,2,0,1,0,Side Impact,Speed Breaker,Unknown,Daylight,Poor,Unknown,2024-10-29,2024,10,19,Tuesday,Oct,2,0,8,Evening,15
ACC00768,Bharuch,Ankleshwar PS,2024-03-05 06:22:00,20.982494,72.359431,SH-14,State Highway,Fatal,2,2,0,1,2,2,1,1,0,0,Side Impact,Pothole Area,Unknown,Night - Street Light On,Moderate,Mobile Phone Use,2024-03-05,2024,3,6,Tuesday,Mar,3,5,4,Morning,12
ACC00769,Gandhinagar,Sector 7 PS,2022-02-26 19:50:00,21.651912,73.200338,SH-20,National Highway,Minor,3,0,0,3,0,0,0,0,0,1,Rear-End,Pothole Area,Foggy,Dawn/Dusk,Poor,Signal Jumping,2022-02-26,2022,2,19,Saturday,Feb,1,0,4,Evening,-1
ACC00770,Ahmedabad,Bodakdev PS,2024-02-02 12:00:00,23.835159,71.21885,Airport Road,National Highway,Minor,1,0,0,2,0,0,2,0,0,1,Rollover,Speed Breaker,Hazy,Dawn/Dusk,Moderate,Mobile Phone Use,2024-02-02,2024,2,12,Friday,Feb,1,0,5,Afternoon,11
ACC00771,Bhavnagar,Bhavnagar City PS,2023-09-03 13:24:00,20.742746,72.888784,NH-48,Urban Road,Fatal,4,1,0,0,0,2,1,0,1,1,Head-On,Junction/Intersection,Clear,Night - No Street Light,Moderate,Drunk Driving,2023-09-03,2023,9,13,Sunday,Sep,3,1,5,Afternoon,36
ACC00772,Anand,Vallabh Vidyanagar PS,2022-04-18 07:39:00,23.557942,70.327374,SH-6,District Road,Grievous,4,0,3,0,0,0,2,0,0,0,Rear-End,Unknown,Hazy,Night - No Street Light,Moderate,Signal Jumping,2022-04-18,2022,4,7,Monday,Apr,2,0,5,Morning,9
ACC00773,Bhavnagar,Mahuva PS,2022-07-07 15:07:00,23.988758,70.994892,NH-53,Rural Road,Minor,3,0,0,2,0,0,2,0,0,1,Rear-End,Junction/Intersection,Clear,Daylight,Moderate,Unknown,2022-07-07,2022,7,15,Thursday,Jul,1,0,5,Afternoon,23
ACC00774,Mehsana,Unjha PS,2022-04-21 03:54:00,23.377155,72.756736,Ring Road,Urban Road,Minor,4,0,0,2,0,0,2,0,0,1,Pedestrian Hit,Bridge,Clear,Night - No Street Light,Moderate,Unknown,2022-04-21,2022,4,3,Thursday,Apr,1,0,5,Night,77
ACC00775,Bharuch,Bharuch City PS,2023-10-20 16:39:00,22.134072,69.010449,NH-27,National Highway,Minor,0,0,0,2,0,0,1,0,0,0,Rollover,Pothole Area,Cloudy,Night - Street Light On,Unknown,Wrong Side Driving,2023-10-20,2023,10,16,Friday,Oct,1,0,3,Afternoon,14
ACC00776,Gandhinagar,Sector 7 PS,2022-08-19 07:24:00,22.26068,73.992173,SH-6,Rural Road,Minor,3,0,0,2,0,0,1,0,0,0,Single Vehicle,Bridge,Unknown,Daylight,Unknown,Unknown,2022-08-19,2022,8,7,Friday,Aug,1,0,3,Morning,49
ACC00777,Mehsana,Kadi PS,2023-07-02 13:05:00,21.701858,73.843071,SH-14,Urban Road,Damage Only,3,0,0,0,0,0,0,0,0,0,Hit & Run,Curve,Hazy,Night - Street Light On,Good,No Seatbelt,2023-07-02,2023,7,13,Sunday,Jul,0,0,0,Afternoon,71
ACC00778,Surat,Katargam PS,2021-07-04 22:58:00,22.93107,69.677464,Airport Road,State Highway,Grievous,2,0,2,1,0,2,0,0,0,0,Side Impact,Junction/Intersection,Rainy,Dawn/Dusk,Poor,Signal Jumping,2021-07-04,2021,7,22,Sunday,Jul,2,0,5,Night,51
ACC00779,Ahmedabad,Bapunagar PS,2021-04-17 18:41:00,24.110408,72.768898,SH-14,District Road,Minor,1,0,0,1,0,0,0,0,0,1,Rollover,Bridge,Rainy,Night - Street Light On,Good,Wrong Side Driving,2021-04-17,2021,4,18,Saturday,Apr,1,0,2,Evening,94
ACC00780,Vadodara,Gotri PS,2021-09-12 14:35:00,23.426759,73.972546,SH-6,Urban Road,Damage Only,1,0,0,0,0,0,0,0,0,0,Pedestrian Hit,Unknown,Rainy,Night - No Street Light,Good,Unknown,2021-09-12,2021,9,14,Sunday,Sep,0,0,0,Afternoon,-1
ACC00781,Anand,Vallabh Vidyanagar PS,2021-12-09 01:30:00,20.708539,73.355963,Industrial Road,State Highway,Grievous,0,0,3,2,0,0,0,0,0,1,Pedestrian Hit,Curve,Cloudy,Night - Street Light On,Good,Wrong Side Driving,2021-12-09,2021,12,1,Thursday,Dec,2,0,6,Night,13
ACC00782,Surat,Varachha PS,2023-08-02 16:51:00,23.569589,72.67528,Airport Road,Urban Road,Grievous,4,0,3,0,0,0,1,0,0,0,Hit & Run,Speed Breaker,Foggy,Dawn/Dusk,Poor,Unknown,2023-08-02,2023,8,16,Wednesday,Aug,2,0,4,Afternoon,77
ACC00783,Ahmedabad,Bapunagar PS,2023-01-23 09:07:00,21.9971,70.453828,SH-20,Urban Road,Minor,2,0,0,3,0,0,1,0,0,1,Hit & Run,Straight Road,Rainy,Dawn/Dusk,Moderate,Overloading,2023-01-23,2023,1,9,Monday,Jan,1,0,5,Morning,-1
ACC00784,Rajkot,Mavdi PS,2021-02-03 07:57:00,22.339169,71.03079,SH-6,Urban Road,Fatal,3,0,2,1,1,0,1,1,1,1,Hit & Run,Straight Road,Rainy,Night - Street Light On,Good,Mobile Phone Use,2021-02-03,2021,2,7,Wednesday,Feb,3,2,6,Morning,5
ACC00785,Junagadh,Manavadar PS,2023-09-05 01:59:00,23.997003,70.18815,SH-14,District Road,Minor,2,0,0,3,0,0,2,0,0,1,Rollover,Straight Road,Rainy,Night - No Street Light,Good,Over Speeding,2023-09-05,2023,9,1,Tuesday,Sep,1,0,6,Night,74
ACC00786,Surat,Adajan PS,2023-04-07 10:51:00,21.695858,70.418195,NH-8,District Road,Grievous,1,0,0,0,0,2,0,0,1,1,Rollover,Bridge,Cloudy,Dawn/Dusk,Good,Unknown,2023-04-07,2023,4,10,Friday,Apr,2,0,4,Morning,-1
ACC00787,Vadodara,Fatehgunj PS,2022-02-07 02:39:00,21.914237,70.008335,NH-53,Urban Road,Damage Only,3,0,0,0,0,0,0,0,0,0,Rear-End,Curve,Cloudy,Night - Street Light On,Unknown,Unknown,2022-02-07,2022,2,2,Monday,Feb,0,0,0,Night,1
ACC00788,Rajkot,Rajkot Central PS,2021-05-16 05:54:00,23.445295,69.480295,NH-53,State Highway,Fatal,3,1,2,1,1,2,0,1,0,1,Single Vehicle,Straight Road,Unknown,Dawn/Dusk,Poor,Unknown,2021-05-16,2021,5,5,Sunday,May,3,3,6,Night,50
ACC00789,Rajkot,Rajkot Central PS,2023-06-08 15:17:00,22.440641,72.662944,Ring Road,National Highway,Minor,2,0,0,1,0,0,0,0,0,1,Head-On,Junction/Intersection,Foggy,Daylight,Moderate,Unknown,2023-06-08,2023,6,15,Thursday,Jun,1,0,2,Afternoon,73
ACC00790,Vadodara,Sayajigunj PS,2024-11-29 17:32:00,23.515608,70.186643,NH-27,District Road,Minor,4,0,0,2,0,0,1,0,0,0,Rear-End,Bridge,Unknown,Daylight,Poor,Over Speeding,2024-11-29,2024,11,17,Friday,Nov,1,0,3,Afternoon,9
ACC00791,Anand,Borsad PS,2021-03-04 10:23:00,21.184139,71.198723,Ring Road,State Highway,Grievous,2,0,1,1,0,1,2,0,0,1,Rollover,Bridge,Rainy,Night - No Street Light,Moderate,Unknown,2021-03-04,2021,3,10,Thursday,Mar,2,0,6,Morning,0
ACC00792,Ahmedabad,Naranpura PS,2021-06-18 23:00:00,22.071296,73.986558,NH-8,District Road,Minor,1,0,0,1,0,0,1,0,0,1,Pedestrian Hit,Curve,Clear,Daylight,Unknown,Signal Jumping,2021-06-18,2021,6,23,Friday,Jun,1,0,3,Night,49
ACC00793,Bharuch,Amod PS,2021-06-29 01:10:00,21.618652,71.77204,NH-48,Rural Road,Fatal,0,1,2,0,2,0,0,1,1,0,Rollover,Unknown,Rainy,Night - Street Light On,Unknown,Overloading,2021-06-29,2021,6,1,Tuesday,Jun,3,4,3,Night,34
ACC00794,Bhavnagar,Talaja PS,2021-11-19 20:49:00,20.542153,72.440902,NH-48,Urban Road,Minor,3,0,0,2,0,0,2,0,0,0,Hit & Run,Pothole Area,Rainy,Dawn/Dusk,Unknown,No Helmet,2021-11-19,2021,11,20,Friday,Nov,1,0,4,Evening,88
ACC00795,Anand,Vallabh Vidyanagar PS,2022-09-26 21:20:00,22.221919,68.331825,NH-48,State Highway,Minor,1,0,0,2,0,0,1,0,0,1,Rollover,Curve,Clear,Dawn/Dusk,Moderate,Signal Jumping,2022-09-26,2022,9,21,Monday,Sep,1,0,4,Evening,25
ACC00796,Bhavnagar,Sihor PS,2023-09-14 13:26:00,23.063831,71.578357,Industrial Road,Urban Road,Damage Only,4,0,0,0,0,0,0,0,0,0,Side Impact,Curve,Cloudy,Daylight,Poor,Signal Jumping,2023-09-14,2023,9,13,Thursday,Sep,0,0,0,Afternoon,3
ACC00797,Rajkot,Kalavad Road PS,2021-05-16 01:02:00,23.796686,73.218868,Bypass Road,National Highway,Fatal,3,2,2,1,2,0,0,1,0,0,Single Vehicle,Flyover,Unknown,Night - No Street Light,Unknown,Signal Jumping,2021-05-16,2021,5,1,Sunday,May,3,5,3,Night,29
ACC00798,Gandhinagar,Kalol PS,2021-07-10 15:56:00,20.781572,69.612147,Industrial Road,Urban Road,Minor,1,0,0,3,0,0,1,0,0,1,Hit & Run,Curve,Unknown,Night - Street Light On,Unknown,Over Speeding,2021-07-10,2021,7,15,Saturday,Jul,1,0,5,Afternoon,67
ACC00799,Bhavnagar,Talaja PS,2022-11-22 00:06:00,23.891891,69.429689,SH-20,State Highway,Fatal,2,1,2,1,2,2,2,0,1,1,Single Vehicle,Pothole Area,Unknown,Night - No Street Light,Unknown,Unknown,2022-11-22,2022,11,0,Tuesday,Nov,3,3,9,Night,50
ACC00800,Surat,Varachha PS,2022-11-13 00:26:00,24.539394,73.326182,Ring Road,National Highway,Damage Only,2,0,0,0,0,0,0,0,0,0,Hit & Run,Speed Breaker,Hazy,Night - Street Light On,Poor,Unknown,2022-11-13,2022,11,0,Sunday,Nov,0,0,0,Night,63
ACC00801,Mehsana,Visnagar PS,2022-09-07 20:54:00,21.155575,69.701094,SH-14,National Highway,Grievous,1,0,1,1,0,1,0,0,0,1,Head-On,Straight Road,Rainy,Dawn/Dusk,Moderate,No Seatbelt,2022-09-07,2022,9,20,Wednesday,Sep,2,0,4,Evening,45
ACC00802,Junagadh,Veraval PS,2024-05-14 21:03:00,22.768811,71.579863,NH-8,State Highway,Grievous,2,0,3,0,0,0,0,0,0,1,Head-On,Bridge,Hazy,Night - No Street Light,Moderate,Unknown,2024-05-14,2024,5,21,Tuesday,May,2,0,4,Evening,-1
ACC00803,Mehsana,Mehsana City PS,2021-07-23 04:59:00,21.287689,72.332408,Ring Road,National Highway,Minor,3,0,0,2,0,0,2,0,0,0,Rear-End,Curve,Unknown,Night - Street Light On,Poor,Drunk Driving,2021-07-23,2021,7,4,Friday,Jul,1,0,4,Night,-1
ACC00804,Ahmedabad,Maninagar PS,2021-09-06 00:15:00,23.643561,69.801322,NH-53,National Highway,Damage Only,3,0,0,0,0,0,0,0,0,0,Head-On,Junction/Intersection,Clear,Dawn/Dusk,Good,Overloading,2021-09-06,2021,9,0,Monday,Sep,0,0,0,Night,9
ACC00805,Ahmedabad,Chandkheda PS,2021-07-08 11:11:00,20.970781,72.669486,Industrial Road,State Highway,Minor,3,0,0,1,0,0,2,0,0,0,Pedestrian Hit,Flyover,Clear,Daylight,Moderate,Signal Jumping,2021-07-08,2021,7,11,Thursday,Jul,1,0,3,Morning,68
ACC00806,Mehsana,Visnagar PS,2021-03-03 10:54:00,23.581079,71.328244,NH-8,Urban Road,Minor,4,0,0,3,0,0,1,0,0,1,Hit & Run,Curve,Hazy,Dawn/Dusk,Good,Wrong Side Driving,2021-03-03,2021,3,10,Wednesday,Mar,1,0,5,Morning,11
ACC00807,Bharuch,Jhagadia PS,2022-02-12 01:02:00,20.11712,74.322273,SH-20,District Road,Grievous,2,0,3,0,0,2,2,0,0,0,Single Vehicle,Pothole Area,Clear,Night - No Street Light,Unknown,Drunk Driving,2022-02-12,2022,2,1,Saturday,Feb,2,0,7,Night,105
ACC00808,Mehsana,Kadi PS,2024-02-08 17:46:00,20.650864,73.052721,City Road,State Highway,Minor,1,0,0,2,0,0,2,0,0,0,Side Impact,Speed Breaker,Cloudy,Night - No Street Light,Good,Drunk Driving,2024-02-08,2024,2,17,Thursday,Feb,1,0,4,Afternoon,36
ACC00809,Gandhinagar,Kalol PS,2021-11-10 08:21:00,24.614027,70.391847,Bypass Road,Rural Road,Minor,2,0,0,3,0,0,0,0,0,0,Side Impact,Bridge,Clear,Daylight,Poor,No Helmet,2021-11-10,2021,11,8,Wednesday,Nov,1,0,3,Morning,46
ACC00810,Junagadh,Manavadar PS,2024-05-12 03:23:00,24.58334,70.105364,NH-27,District Road,Minor,3,0,0,3,0,0,2,0,0,0,Rear-End,Speed Breaker,Clear,Night - Street Light On,Good,Mobile Phone Use,2024-05-12,2024,5,3,Sunday,May,1,0,5,Night,46
ACC00811,Junagadh,Manavadar PS,2024-11-15 17:19:00,23.126339,70.642994,NH-48,District Road,Fatal,2,1,1,0,0,1,0,0,1,1,Side Impact,Bridge,Clear,Night - No Street Light,Poor,Over Speeding,2024-11-15,2024,11,17,Friday,Nov,3,1,4,Afternoon,9
ACC00812,Junagadh,Junagadh City PS,2022-06-26 05:37:00,24.217113,70.204596,NH-53,District Road,Damage Only,2,0,0,0,0,0,0,0,0,0,Single Vehicle,Pothole Area,Clear,Daylight,Unknown,Wrong Side Driving,2022-06-26,2022,6,5,Sunday,Jun,0,0,0,Night,46
ACC00813,Vadodara,Gotri PS,2022-05-04 13:00:00,24.125335,72.698063,SH-41,National Highway,Minor,4,0,0,1,0,0,2,0,0,1,Rear-End,Curve,Clear,Dawn/Dusk,Moderate,Unknown,2022-05-04,2022,5,13,Wednesday,May,1,0,4,Afternoon,94
ACC00814,Bharuch,Ankleshwar PS,2023-04-09 18:26:00,21.423249,73.493682,NH-27,State Highway,Minor,4,0,0,3,0,0,0,0,0,1,Single Vehicle,Pothole Area,Hazy,Dawn/Dusk,Good,Drunk Driving,2023-04-09,2023,4,18,Sunday,Apr,1,0,4,Evening,57
ACC00815,Vadodara,Gotri PS,2022-01-13 20:37:00,23.186709,68.353299,SH-6,National Highway,Minor,3,0,0,1,0,0,0,0,0,0,Single Vehicle,Unknown,Clear,Dawn/Dusk,Moderate,Wrong Side Driving,2022-01-13,2022,1,20,Thursday,Jan,1,0,1,Evening,50
ACC00816,Rajkot,Rajkot Central PS,2024-11-26 00:26:00,21.049134,72.66318,NH-8,Urban Road,Grievous,2,0,1,2,0,1,0,0,0,1,Head-On,Junction/Intersection,Cloudy,Dawn/Dusk,Poor,Overloading,2024-11-26,2024,11,0,Tuesday,Nov,2,0,5,Night,68
ACC00817,Rajkot,Kalawad PS,2023-09-29 08:27:00,20.114064,68.486849,SH-41,Urban Road,Minor,3,0,0,1,0,0,1,0,0,1,Head-On,Speed Breaker,Foggy,Night - Street Light On,Unknown,Drunk Driving,2023-09-29,2023,9,8,Friday,Sep,1,0,3,Morning,100
ACC00818,Vadodara,Manjalpur PS,2021-01-29 15:50:00,20.400357,70.010133,SH-6,Rural Road,Grievous,2,0,1,1,0,0,1,0,0,0,Hit & Run,Flyover,Foggy,Dawn/Dusk,Unknown,Mobile Phone Use,2021-01-29,2021,1,15,Friday,Jan,2,0,3,Afternoon,24
ACC00819,Mehsana,Kadi PS,2022-03-25 17:32:00,20.765584,70.436255,SH-14,State Highway,Grievous,0,0,1,2,0,1,0,0,0,1,Single Vehicle,Flyover,Unknown,Night - No Street Light,Unknown,Over Speeding,2022-03-25,2022,3,17,Friday,Mar,2,0,5,Afternoon,39
ACC00820,Junagadh,Manavadar PS,2024-03-22 16:58:00,22.386369,69.039307,NH-48,Rural Road,Damage Only,4,0,0,0,0,0,0,0,0,0,Side Impact,Flyover,Hazy,Dawn/Dusk,Poor,Over Speeding,2024-03-22,2024,3,16,Friday,Mar,0,0,0,Afternoon,14
ACC00821,Rajkot,Mavdi PS,2021-08-11 23:19:00,22.054304,69.813232,SH-6,District Road,Damage Only,4,0,0,0,0,0,0,0,0,0,Single Vehicle,Flyover,Hazy,Night - No Street Light,Good,No Seatbelt,2021-08-11,2021,8,23,Wednesday,Aug,0,0,0,Night,1
ACC00822,Bhavnagar,Sihor PS,2022-05-17 10:02:00,21.741651,71.454662,Bypass Road,District Road,Minor,2,0,0,1,0,0,1,0,0,0,Rear-End,Speed Breaker,Clear,Daylight,Good,Unknown,2022-05-17,2022,5,10,Tuesday,May,1,0,2,Morning,2
ACC00823,Rajkot,Kalawad PS,2023-04-25 17:47:00,23.232419,70.880071,NH-53,National Highway,Minor,1,0,0,3,0,0,1,0,0,0,Rear-End,Curve,Foggy,Daylight,Good,Mobile Phone Use,2023-04-25,2023,4,17,Tuesday,Apr,1,0,4,Afternoon,9
ACC00824,Gandhinagar,Dehgam PS,2023-07-11 06:05:00,21.188864,73.17412,NH-8,National Highway,Damage Only,0,0,0,0,0,0,0,0,0,0,Rollover,Pothole Area,Rainy,Daylight,Unknown,Mobile Phone Use,2023-07-11,2023,7,6,Tuesday,Jul,0,0,0,Morning,19
ACC00825,Surat,Adajan PS,2022-03-20 13:56:00,20.508067,73.92631,SH-14,Urban Road,Minor,1,0,0,3,0,0,2,0,0,0,Head-On,Junction/Intersection,Foggy,Dawn/Dusk,Moderate,Over Speeding,2022-03-20,2022,3,13,Sunday,Mar,1,0,5,Afternoon,65
ACC00826,Gandhinagar,Sector 7 PS,2021-12-19 05:14:00,23.469225,69.417147,NH-53,National Highway,Grievous,1,0,3,2,0,1,0,0,1,1,Side Impact,Pothole Area,Cloudy,Night - Street Light On,Moderate,Over Speeding,2021-12-19,2021,12,5,Sunday,Dec,2,0,8,Night,50
ACC00828,Junagadh,Manavadar PS,2024-10-18 16:57:00,24.235285,74.301767,Bypass Road,National Highway,Damage Only,2,0,0,0,0,0,0,0,0,0,Rear-End,Speed Breaker,Hazy,Night - Street Light On,Unknown,No Seatbelt,2024-10-18,2024,10,16,Friday,Oct,0,0,0,Afternoon,103
ACC00829,Bhavnagar,Palitana PS,2022-07-26 10:16:00,24.36058,73.364429,SH-6,District Road,Grievous,1,0,1,2,0,0,0,0,1,0,Hit & Run,Flyover,Hazy,Dawn/Dusk,Good,Unknown,2022-07-26,2022,7,10,Tuesday,Jul,2,0,4,Morning,8
ACC00830,Anand,Petlad PS,2024-12-30 23:52:00,22.48259,69.560343,NH-53,State Highway,Minor,1,0,0,2,0,0,2,0,0,0,Rear-End,Speed Breaker,Hazy,Daylight,Moderate,Unknown,2024-12-30,2024,12,23,Monday,Dec,1,0,4,Night,31
ACC00831,Gandhinagar,Mansa PS,2022-11-12 17:08:00,20.302485,73.378779,NH-53,District Road,Minor,4,0,0,1,0,0,1,0,0,0,Pedestrian Hit,Pothole Area,Unknown,Daylight,Moderate,Unknown,2022-11-12,2022,11,17,Saturday,Nov,1,0,2,Afternoon,72
ACC00832,Bharuch,Vagra PS,2021-12-04 21:17:00,21.653335,68.172637,NH-48,Rural Road,Minor,2,0,0,3,0,0,2,0,0,0,Pedestrian Hit,Straight Road,Unknown,Daylight,Good,No Helmet,2021-12-04,2021,12,21,Saturday,Dec,1,0,5,Evening,85
ACC00833,Ahmedabad,Maninagar PS,2023-09-12 03:28:00,22.579544,73.061034,Expressway,Rural Road,Damage Only,1,0,0,0,0,0,0,0,0,0,Rollover,Unknown,Rainy,Night - No Street Light,Poor,No Seatbelt,2023-09-12,2023,9,3,Tuesday,Sep,0,0,0,Night,-1
ACC00834,Junagadh,Veraval PS,2022-08-22 08:10:00,23.838723,71.731226,Bypass Road,State Highway,Damage Only,1,0,0,0,0,0,0,0,0,0,Side Impact,Flyover,Clear,Night - Street Light On,Moderate,Mobile Phone Use,2022-08-22,2022,8,8,Monday,Aug,0,0,0,Morning,7
ACC00835,Bharuch,Vagra PS,2023-08-19 01:32:00,20.220756,68.117612,SH-14,National Highway,Damage Only,3,0,0,0,0,0,0,0,0,0,Rear-End,Pothole Area,Foggy,Daylight,Poor,Unknown,2023-08-19,2023,8,1,Saturday,Aug,0,0,0,Night,-1
ACC00836,Junagadh,Keshod PS,2023-04-10 12:36:00,21.999673,71.3236,SH-20,State Highway,Damage Only,1,0,0,0,0,0,0,0,0,0,Side Impact,Junction/Intersection,Foggy,Night - Street Light On,Unknown,Over Speeding,2023-04-10,2023,4,12,Monday,Apr,0,0,0,Afternoon,32
ACC00837,Mehsana,Mehsana City PS,2023-04-13 06:15:00,24.037718,71.993974,NH-8,Urban Road,Damage Only,1,0,0,0,0,0,0,0,0,0,Head-On,Flyover,Unknown,Night - Street Light On,Moderate,Drunk Driving,2023-04-13,2023,4,6,Thursday,Apr,0,0,0,Morning,7
ACC00838,Gandhinagar,Sector 21 PS,2021-09-08 12:16:00,20.671616,71.434525,NH-48,Urban Road,Grievous,2,0,1,2,0,2,1,0,0,0,Side Impact,Junction/Intersection,Unknown,Night - Street Light On,Unknown,Overloading,2021-09-08,2021,9,12,Wednesday,Sep,2,0,6,Afternoon,0
ACC00839,Anand,Khambhat PS,2022-05-12 04:43:00,23.304565,69.959452,NH-53,National Highway,Minor,2,0,0,1,0,0,0,0,0,1,Rollover,Pothole Area,Unknown,Night - No Street Light,Unknown,Mobile Phone Use,2022-05-12,2022,5,4,Thursday,May,1,0,2,Night,9
ACC00840,Vadodara,Waghodiya PS,2023-12-19 13:13:00,24.519559,71.010381,NH-48,National Highway,Minor,3,0,0,1,0,0,0,0,0,1,Pedestrian Hit,Pothole Area,Cloudy,Night - Street Light On,Poor,No Helmet,2023-12-19,2023,12,13,Tuesday,Dec,1,0,2,Afternoon,-1
ACC00841,Rajkot,Kalavad Road PS,2022-11-28 17:43:00,20.981691,72.694252,City Road,State Highway,Damage Only,1,0,0,0,0,0,0,0,0,0,Head-On,Junction/Intersection,Cloudy,Night - No Street Light,Poor,Unknown,2022-11-28,2022,11,17,Monday,Nov,0,0,0,Afternoon,68
ACC00842,Rajkot,Rajkot Central PS,2023-01-25 07:35:00,22.486236,69.835229,Expressway,District Road,Damage Only,3,0,0,0,0,0,0,0,0,0,Rear-End,Flyover,Unknown,Daylight,Poor,Over Speeding,2023-01-25,2023,1,7,Wednesday,Jan,0,0,0,Morning,-1
ACC00843,Surat,Varachha PS,2022-05-05 06:58:00,24.560767,69.324272,Airport Road,National Highway,Damage Only,0,0,0,0,0,0,0,0,0,0,Side Impact,Pothole Area,Clear,Dawn/Dusk,Moderate,Signal Jumping,2022-05-05,2022,5,6,Thursday,May,0,0,0,Morning,4
ACC00844,Ahmedabad,Naranpura PS,2024-12-27 19:29:00,23.417758,71.529581,Industrial Road,Rural Road,Minor,2,0,0,2,0,0,2,0,0,1,Rear-End,Straight Road,Unknown,Night - Street Light On,Unknown,Wrong Side Driving,2024-12-27,2024,12,19,Friday,Dec,1,0,5,Evening,11
ACC00845,Rajkot,Rajkot Central PS,2023-04-13 01:46:00,20.48578,72.896528,Bypass Road,District Road,Minor,1,0,0,1,0,0,0,0,0,0,Pedestrian Hit,Bridge,Clear,Dawn/Dusk,Unknown,Unknown,2023-04-13,2023,4,1,Thursday,Apr,1,0,1,Night,36