Accident_ID,District,Police_Station,Accident_DateTime,Latitude,Longitude,Road_Name,Road_Classification,Severity,No_of_Vehicles,Drivers_Killed,Drivers_Grievous_Injury,Drivers_Minor_Injury,Passengers_Killed,Passengers_Grievous_Injury,Passengers_Minor_Injury,Pedestrians_Killed,Pedestrians_Grievous_Injury,Pedestrians_Minor_Injury,Collision_Type,Collision_Feature,Weather_Condition,Light_Condition,Visibility,Traffic_Violation,Date,Year,Month,Hour,DayOfWeek,Month_Name,Severity_Score,Total_Killed,Total_Injured,Time_Category,DBSCAN_Cluster
ACC00938,Bhavnagar,Bhavnagar City PS,2023-07-13 14:57:00,23.615123,69.94886,City Road,Urban Road,Minor,4,0,0,3,0,0,0,0,0,0,Single Vehicle,Bridge,Rainy,Daylight,Moderate,Unknown,2023-07-13,2023,7,14,Thursday,Jul,1,0,3,Afternoon,9
ACC00939,Mehsana,Visnagar PS,2021-01-26 20:34:00,23.995256,70.538257,SH-6,District Road,Minor,2,0,0,2,0,0,2,0,0,0,Pedestrian Hit,Unknown,Foggy,Night - Street Light On,Good,No Seatbelt,2021-01-26,2021,1,20,Tuesday,Jan,1,0,4,Evening,23
ACC00940,Gandhinagar,Dehgam PS,2022-04-15 10:54:00,21.505685,73.901245,Expressway,State Highway,Minor,4,0,0,3,0,0,1,0,0,0,Pedestrian Hit,Straight Road,Hazy,Daylight,Unknown,Overloading,2022-04-15,2022,4,10,Friday,Apr,1,0,4,Morning,71
ACC00941,Anand,Khambhat PS,2021-12-19 08:16:00,23.182119,69.749892,NH-48,Urban Road,Damage Only,2,0,0,0,0,0,0,0,0,0,Pedestrian Hit,Flyover,Hazy,Night - No Street Light,Good,Overloading,2021-12-19,2021,12,8,Sunday,Dec,0,0,0,Morning,51
ACC00942,Mehsana,Patan PS,2021-08-08 00:41:00,23.575998,72.317964,SH-6,District Road,Minor,4,0,0,3,0,0,2,0,0,1,Single Vehicle,Curve,Hazy,Dawn/Dusk,Poor,Unknown,2021-08-08,2021,8,0,Sunday,Aug,1,0,6,Night,-1
ACC00943,Bhavnagar,Mahuva PS,2023-11-20 04:56:00,23.27676,74.357208,SH-20,National Highway,Minor,2,0,0,2,0,0,1,0,0,0,Hit & Run,Curve,Cloudy,Daylight,Poor,Overloading,2023-11-20,2023,11,4,Monday,Nov,1,0,3,Night,84
ACC00944,Surat,Udhna PS,2024-05-10 17:47:00,23.368174,68.932867,SH-6,National Highway,Grievous,2,0,3,0,0,0,0,0,1,0,Pedestrian Hit,Curve,Hazy,Dawn/Dusk,Moderate,Unknown,2024-05-10,2024,5,17,Friday,May,2,0,4,Afternoon,50
ACC00945,Surat,Adajan PS,2021-11-18 18:13:00,22.478573,68.411069,Industrial Road,Urban Road,Damage Only,1,0,0,0,0,0,0,0,0,0,Rollover,Curve,Rainy,Daylight,Good,Drunk Driving,2021-11-18,2021,11,18,Thursday,Nov,0,0,0,Evening,15
ACC00946,Vadodara,Fatehgunj PS,2021-12-26 00:01:00,22.501299,70.490235,NH-48,National Highway,Minor,1,0,0,3,0,0,0,0,0,1,Head-On,Pothole Area,Hazy,Dawn/Dusk,Unknown,Drunk Driving,2021-12-26,2021,12,0,Sunday,Dec,1,0,4,Night,-1
ACC00947,Rajkot,Kalavad Road PS,2023-02-25 02:18:00,23.432727,69.922987,SH-20,Urban Road,Grievous,4,0,3,2,0,0,0,0,1,1,Single Vehicle,Straight Road,Hazy,Daylight,Unknown,Mobile Phone Use,2023-02-25,2023,2,2,Saturday,Feb,2,0,7,Night,9
ACC00948,Anand,Petlad PS,2022-10-10 21:50:00,20.11679,74.365886,Bypass Road,District Road,Minor,4,0,0,2,0,0,0,0,0,1,Pedestrian Hit,Curve,Clear,Night - No Street Light,Poor,No Helmet,2022-10-10,2022,10,21,Monday,Oct,1,0,3,Evening,105
ACC00949,Surat,Udhna PS,2023-06-12 13:57:00,22.041576,68.182164,City Road,District Road,Grievous,1,0,3,1,0,0,1,0,1,1,Hit & Run,Junction/Intersection,Clear,Daylight,Moderate,Mobile Phone Use,2023-06-12,2023,6,13,Monday,Jun,2,0,7,Afternoon,25
ACC00951,Surat,Piplod PS,2022-04-25 17:27:00,22.492179,68.845374,Airport Road,District Road,Fatal,3,2,1,1,1,2,0,0,1,1,Single Vehicle,Bridge,Hazy,Daylight,Poor,Over Speeding,2022-04-25,2022,4,17,Monday,Apr,3,3,6,Afternoon,14
ACC00952,Surat,Piplod PS,2022-04-30 04:01:00,20.710425,72.913203,SH-20,Urban Road,Fatal,3,0,0,1,2,1,0,0,1,1,Hit & Run,Pothole Area,Hazy,Night - Street Light On,Unknown,Over Speeding,2022-04-30,2022,4,4,Saturday,Apr,3,2,4,Night,36
ACC00953,Junagadh,Veraval PS,2021-08-30 14:31:00,23.347905,68.969209,SH-14,Urban Road,Grievous,1,0,3,2,0,1,2,0,1,0,Hit & Run,Flyover,Clear,Daylight,Moderate,Mobile Phone Use,2021-08-30,2021,8,14,Monday,Aug,2,0,9,Afternoon,50
ACC00954,Gandhinagar,Sector 7 PS,2021-11-30 04:38:00,21.63763,70.930458,NH-8,Rural Road,Grievous,1,0,2,2,0,1,2,0,1,1,Single Vehicle,Junction/Intersection,Unknown,Night - No Street Light,Poor,Signal Jumping,2021-11-30,2021,11,4,Tuesday,Nov,2,0,9,Night,70
ACC00956,Vadodara,Waghodiya PS,2023-08-21 05:32:00,22.675954,72.643053,NH-8,State Highway,Damage Only,3,0,0,0,0,0,0,0,0,0,Side Impact,Unknown,Clear,Dawn/Dusk,Moderate,Signal Jumping,2023-08-21,2023,8,5,Monday,Aug,0,0,0,Night,92
ACC00957,Mehsana,Unjha PS,2021-07-04 04:26:00,24.431349,73.966763,NH-8,Rural Road,Grievous,1,0,1,0,0,1,2,0,0,0,Side Impact,Unknown,Clear,Daylight,Poor,Unknown,2021-07-04,2021,7,4,Sunday,Jul,2,0,4,Night,42
ACC00958,Mehsana,Mehsana City PS,2024-09-07 02:20:00,20.472006,72.78637,SH-6,State Highway,Minor,1,0,0,2,0,0,0,0,0,1,Pedestrian Hit,Bridge,Clear,Night - Street Light On,Moderate,Over Speeding,2024-09-07,2024,9,2,Saturday,Sep,1,0,3,Night,36
ACC00959,Bhavnagar,Talaja PS,2024-10-25 00:00:00,21.279558,74.324238,NH-27,Urban Road,Minor,2,0,0,3,0,0,2,0,0,1,Rollover,Junction/Intersection,Hazy,Night - No Street Light,Poor,Wrong Side Driving,2024-10-25,2024,10,0,Friday,Oct,1,0,6,Night,83
ACC00960,Anand,Petlad PS,2024-02-12 18:13:00,21.995775,69.719672,Bypass Road,State Highway,Minor,2,0,0,2,0,0,2,0,0,0,Pedestrian Hit,Flyover,Unknown,Daylight,Moderate,Overloading,2024-02-12,2024,2,18,Monday,Feb,1,0,4,Evening,1
ACC00961,Rajkot,Rajkot Central PS,2021-03-14 08:21:00,21.718257,71.947875,SH-6,Urban Road,Fatal,3,2,1,0,0,0,2,1,1,0,Single Vehicle,Bridge,Foggy,Night - Street Light On,Poor,Overloading,2021-03-14,2021,3,8,Sunday,Mar,3,3,4,Morning,34
ACC00962,Junagadh,Porbandar PS,2021-03-21 23:27:00,22.806116,72.621811,SH-14,District Road,Grievous,2,0,3,1,0,1,1,0,0,0,Side Impact,Speed Breaker,Rainy,Night - No Street Light,Moderate,No Helmet,2021-03-21,2021,3,23,Sunday,Mar,2,0,6,Night,-1
ACC00963,Bharuch,Jhagadia PS,2021-04-19 14:52:00,21.372821,70.368668,Industrial Road,Urban Road,Fatal,2,2,1,1,0,0,0,0,1,0,Side Impact,Junction/Intersection,Cloudy,Night - Street Light On,Moderate,Unknown,2021-04-19,2021,4,14,Monday,Apr,3,2,3,Afternoon,-1
ACC00964,Surat,Piplod PS,2021-07-28 07:06:00,24.685194,71.297315,Ring Road,District Road,Minor,0,0,0,3,0,0,1,0,0,0,Head-On,Pothole Area,Clear,Night - Street Light On,Poor,Mobile Phone Use,2021-07-28,2021,7,7,Wednesday,Jul,1,0,4,Morning,-1
ACC00965,Vadodara,Fatehgunj PS,2024-07-22 00:25:00,21.806366,73.250708,SH-14,District Road,Fatal,0,0,0,1,1,0,0,1,0,1,Single Vehicle,Pothole Area,Rainy,Daylight,Good,Unknown,2024-07-22,2024,7,0,Monday,Jul,3,2,2,Night,-1
ACC00966,Ahmedabad,Chandkheda PS,2021-08-16 10:13:00,24.380306,70.286254,NH-8,District Road,Minor,4,0,0,2,0,0,0,0,0,1,Single Vehicle,Speed Breaker,Foggy,Dawn/Dusk,Poor,Over Speeding,2021-08-16,2021,8,10,Monday,Aug,1,0,3,Morning,46
ACC00967,Ahmedabad,Bodakdev PS,2024-12-13 06:54:00,22.836818,70.329353,Expressway,District Road,Minor,1,0,0,2,0,0,1,0,0,0,Rollover,Pothole Area,Clear,Night - Street Light On,Good,Over Speeding,2024-12-13,2024,12,6,Friday,Dec,1,0,3,Morning,-1
ACC00968,Gandhinagar,Sector 21 PS,2022-02-21 22:57:00,20.113819,74.007432,SH-6,Urban Road,Damage Only,3,0,0,0,0,0,0,0,0,0,Hit & Run,Unknown,Hazy,Night - No Street Light,Good,Drunk Driving,2022-02-21,2022,2,22,Monday,Feb,0,0,0,Night,81
ACC00969,Bhavnagar,Bhavnagar City PS,2022-03-30 20:21:00,22.936358,71.536293,SH-20,State Highway,Damage Only,3,0,0,0,0,0,0,0,0,0,Pedestrian Hit,Junction/Intersection,Unknown,Night - No Street Light,Moderate,Over Speeding,2022-03-30,2022,3,20,Wednesday,Mar,0,0,0,Evening,3
ACC00970,Anand,Anand City PS,2021-03-10 01:26:00,22.719215,72.15799,Ring Road,District Road,Fatal,4,2,0,1,1,0,2,1,1,1,Rollover,Flyover,Hazy,Daylight,Good,Unknown,2021-03-10,2021,3,1,Wednesday,Mar,3,4,5,Night,27
ACC00971,Vadodara,Fatehgunj PS,2024-09-18 06:36:00,21.511081,74.315268,SH-41,National Highway,Grievous,2,0,2,1,0,0,0,0,1,0,Rear-End,Unknown,Cloudy,Dawn/Dusk,Unknown,No Seatbelt,2024-09-18,2024,9,6,Wednesday,Sep,2,0,4,Morning,83
ACC00972,Surat,Udhna PS,2023-10-08 06:24:00,20.698036,69.900975,Bypass Road,Urban Road,Minor,0,0,0,2,0,0,1,0,0,0,Rollover,Speed Breaker,Clear,Night - Street Light On,Moderate,Wrong Side Driving,2023-10-08,2023,10,6,Sunday,Oct,1,0,3,Morning,95
ACC00973,Ahmedabad,Naranpura PS,2021-03-07 18:02:00,24.204796,68.392288,SH-6,Urban Road,Minor,1,0,0,1,0,0,0,0,0,0,Head-On,Speed Breaker,Hazy,Dawn/Dusk,Poor,Wrong Side Driving,2021-03-07,2021,3,18,Sunday,Mar,1,0,1,Evening,96
ACC00974,Anand,Borsad PS,2023-06-29 07:50:00,24.366585,72.373531,Bypass Road,State Highway,Fatal,2,0,0,1,0,0,0,1,0,0,Side Impact,Speed Breaker,Hazy,Dawn/Dusk,Poor,Unknown,2023-06-29,2023,6,7,Thursday,Jun,3,1,1,Morning,86
ACC00975,Anand,Vallabh Vidyanagar PS,2021-01-18 22:09:00,21.727126,69.711757,Bypass Road,State Highway,Minor,3,0,0,1,0,0,0,0,0,0,Head-On,Curve,Clear,Dawn/Dusk,Good,Drunk Driving,2021-01-18,2021,1,22,Monday,Jan,1,0,1,Night,1
ACC00976,Vadodara,Fatehgunj PS,2023-06-03 22:10:00,23.758204,69.176776,SH-20,National Highway,Grievous,3,0,1,2,0,0,1,0,1,0,Rollover,Speed Breaker,Hazy,Dawn/Dusk,Good,Unknown,2023-06-03,2023,6,22,Saturday,Jun,2,0,5,Night,50
ACC00977,Rajkot,Bhaktinagar PS,2023-01-31 10:35:00,23.459518,71.684543,Bypass Road,District Road,Minor,0,0,0,3,0,0,0,0,0,1,Single Vehicle,Curve,Unknown,Daylight,Unknown,Unknown,2023-01-31,2023,1,10,Tuesday,Jan,1,0,4,Morning,-1
ACC00978,Rajkot,Kalawad PS,2024-01-01 22:38:00,20.408976,71.934536,NH-53,Rural Road,Damage Only,1,0,0,0,0,0,0,0,0,0,Rollover,Bridge,Rainy,Night - No Street Light,Poor,Mobile Phone Use,2024-01-01,2024,1,22,Monday,Jan,0,0,0,Night,10
ACC00979,Ahmedabad,Bapunagar PS,2021-10-10 05:46:00,20.847562,71.572559,Industrial Road,District Road,Minor,3,0,0,1,0,0,1,0,0,1,Side Impact,Pothole Area,Rainy,Night - Street Light On,Moderate,Over Speeding,2021-10-10,2021,10,5,Sunday,Oct,1,0,3,Night,62
ACC00980,Mehsana,Visnagar PS,2024-09-03 06:46:00,23.546808,68.791149,Ring Road,District Road,Minor,1,0,0,1,0,0,0,0,0,0,Side Impact,Pothole Area,Rainy,Daylight,Moderate,Unknown,2024-09-03,2024,9,6,Tuesday,Sep,1,0,1,Morning,-1
ACC00981,Surat,Varachha PS,2024-11-26 04:14:00,20.700689,70.362804,NH-53,National Highway,Minor,1,0,0,2,0,0,1,0,0,0,Single Vehicle,Curve,Foggy,Night - Street Light On,Good,Signal Jumping,2024-11-26,2024,11,4,Tuesday,Nov,1,0,3,Night,39
ACC00982,Anand,Khambhat PS,2023-03-22 06:00:00,23.894441,73.096197,SH-6,Urban Road,Grievous,2,0,1,0,0,0,2,0,0,0,Pedestrian Hit,Bridge,Foggy,Dawn/Dusk,Good,Unknown,2023-03-22,2023,3,6,Wednesday,Mar,2,0,3,Morning,29
ACC00983,Anand,Anand City PS,2023-08-20 09:24:00,20.288033,71.766854,Airport Road,District Road,Minor,3,0,0,1,0,0,2,0,0,0,Rear-End,Flyover,Clear,Night - No Street Light,Moderate,Unknown,2023-08-20,2023,8,9,Sunday,Aug,1,0,3,Morning,0
ACC00984,Anand,Vallabh Vidyanagar PS,2021-11-05 18:05:00,21.033911,71.167142,Airport Road,National Highway,Grievous,1,0,1,1,0,1,0,0,0,0,Head-On,Speed Breaker,Foggy,Dawn/Dusk,Unknown,Overloading,2021-11-05,2021,11,18,Friday,Nov,2,0,3,Evening,0
ACC00985,Bhavnagar,Mahuva PS,2023-03-18 11:23:00,22.773582,73.034302,SH-14,State Highway,Fatal,3,2,1,1,0,1,0,0,0,1,Single Vehicle,Unknown,Cloudy,Dawn/Dusk,Moderate,Unknown,2023-03-18,2023,3,11,Saturday,Mar,3,2,4,Morning,-1
ACC00986,Mehsana,Unjha PS,2021-09-23 05:24:00,24.157495,69.961762,NH-53,National Highway,Damage Only,3,0,0,0,0,0,0,0,0,0,Side Impact,Bridge,Unknown,Night - Street Light On,Poor,Unknown,2021-09-23,2021,9,5,Thursday,Sep,0,0,0,Night,97
ACC00987,Gandhinagar,Sector 7 PS,2021-07-27 21:32:00,23.026668,71.462946,Bypass Road,State Highway,Minor,2,0,0,3,0,0,1,0,0,0,Rollover,Speed Breaker,Clear,Dawn/Dusk,Moderate,Unknown,2021-07-27,2021,7,21,Tuesday,Jul,1,0,4,Evening,3
ACC00988,Bhavnagar,Mahuva PS,2024-10-30 12:16:00,22.674646,73.690378,Expressway,State Highway,Damage Only,2,0,0,0,0,0,0,0,0,0,Side Impact,Curve,Foggy,Daylight,Poor,Unknown,2024-10-30,2024,10,12,Wednesday,Oct,0,0,0,Afternoon,69
ACC00989,Rajkot,Mavdi PS,2022-06-18 06:52:00,23.271812,72.550357,SH-20,State Highway,Minor,3,0,0,2,0,0,2,0,0,1,Pedestrian Hit,Bridge,Cloudy,Daylight,Poor,Mobile Phone Use,2022-06-18,2022,6,6,Saturday,Jun,1,0,5,Morning,77
ACC00990,Bhavnagar,Talaja PS,2023-10-20 10:50:00,22.799402,73.124172,SH-14,Urban Road,Damage Only,4,0,0,0,0,0,0,0,0,0,Single Vehicle,Pothole Area,Foggy,Night - Street Light On,Poor,Wrong Side Driving,2023-10-20,2023,10,10,Friday,Oct,0,0,0,Morning,101
ACC00991,Bharuch,Amod PS,2023-08-26 08:25:00,23.449414,70.508539,NH-8,National Highway,Damage Only,3,0,0,0,0,0,0,0,0,0,Head-On,Junction/Intersection,Rainy,Daylight,Moderate,No Helmet,2023-08-26,2023,8,8,Saturday,Aug,0,0,0,Morning,9
ACC00993,Anand,Khambhat PS,2023-07-04 05:07:00,21.201834,74.279276,NH-53,National Highway,Fatal,4,0,2,1,1,2,2,0,0,0,Rear-End,Pothole Area,Hazy,Daylight,Poor,Signal Jumping,2023-07-04,2023,7,5,Tuesday,Jul,3,1,7,Night,83
ACC00994,Vadodara,Manjalpur PS,2021-08-27 09:49:00,21.521153,68.45177,Industrial Road,Urban Road,Minor,1,0,0,1,0,0,2,0,0,0,Hit & Run,Flyover,Cloudy,Night - Street Light On,Good,Unknown,2021-08-27,2021,8,9,Friday,Aug,1,0,3,Morning,-1
ACC00995,Mehsana,Patan PS,2022-12-31 05:09:00,20.465244,70.913795,Airport Road,State Highway,Minor,4,0,0,2,0,0,1,0,0,1,Side Impact,Curve,Foggy,Night - No Street Light,Moderate,No Seatbelt,2022-12-31,2022,12,5,Saturday,Dec,1,0,4,Night,82
ACC00996,Surat,Udhna PS,2023-10-16 06:41:00,24.100591,72.363244,Expressway,Urban Road,Grievous,4,0,1,1,0,1,2,0,1,1,Rollover,Junction/Intersection,Unknown,Night - Street Light On,Moderate,Overloading,2023-10-16,2023,10,6,Monday,Oct,2,0,7,Morning,-1
ACC00997,Anand,Vallabh Vidyanagar PS,2022-02-04 14:00:00,24.290723,68.39384,NH-8,District Road,Fatal,3,1,0,0,2,1,0,0,0,0,Single Vehicle,Flyover,Rainy,Dawn/Dusk,Good,Over Speeding,2022-02-04,2022,2,14,Friday,Feb,3,3,1,Afternoon,96
ACC00998,Ahmedabad,Chandkheda PS,2022-01-17 10:29:00,24.44867,68.266759,SH-14,Urban Road,Minor,1,0,0,2,0,0,0,0,0,0,Rear-End,Pothole Area,Clear,Night - Street Light On,Unknown,Unknown,2022-01-17,2022,1,10,Monday,Jan,1,0,2,Morning,90
ACC00999,Rajkot,Rajkot Central PS,2022-02-10 12:39:00,23.362262,70.561822,Expressway,Rural Road,Fatal,2,2,0,0,1,0,0,1,1,0,Head-On,Curve,Hazy,Dawn/Dusk,Moderate,No Helmet,2022-02-10,2022,2,12,Thursday,Feb,3,4,1,Afternoon,9
ACC01000,Rajkot,Bhaktinagar PS,2022-01-25 16:38:00,20.106551,71.084193,Expressway,National Highway,Grievous,2,0,2,1,0,2,0,0,0,1,Pedestrian Hit,Flyover,Rainy,Night - No Street Light,Moderate,Signal Jumping,2022-01-25,2022,1,16,Tuesday,Jan,2,0,6,Afternoon,-1
ACC01001,Mehsana,Kadi PS,2021-07-07 01:35:00,20.309584,71.924946,NH-8,State Highway,Grievous,1,0,2,0,0,0,0,0,0,1,Head-On,Flyover,Rainy,Night - Street Light On,Unknown,Over Speeding,2021-07-07,2021,7,1,Wednesday,Jul,2,0,3,Night,10
ACC01002,Bharuch,Amod PS,2022-04-01 17:43:00,24.52478,74.171042,Bypass Road,Rural Road,Grievous,4,0,2,0,0,1,1,0,0,0,Single Vehicle,Pothole Area,Cloudy,Night - No Street Light,Poor,No Seatbelt,2022-04-01,2022,4,17,Friday,Apr,2,0,4,Afternoon,42
ACC01003,Rajkot,Mavdi PS,2024-11-15 04:09:00,24.330356,72.098865,NH-8,State Highway,Minor,0,0,0,2,0,0,0,0,0,1,Rollover,Curve,Foggy,Night - Street Light On,Moderate,Signal Jumping,2024-11-15,2024,11,4,Friday,Nov,1,0,3,Night,-1
ACC01004,Vadodara,Gotri PS,2022-11-23 06:23:00,24.241004,73.75166,NH-8,State Highway,Minor,1,0,0,2,0,0,1,0,0,1,Single Vehicle,Flyover,Rainy,Daylight,Good,Unknown,2022-11-23,2022,11,6,Wednesday,Nov,1,0,4,Morning,91
ACC01005,Gandhinagar,Sector 21 PS,2022-04-29 00:31:00,21.15393,70.02081,NH-27,National Highway,Minor,2,0,0,2,0,0,2,0,0,0,Single Vehicle,Curve,Clear,Daylight,Moderate,No Seatbelt,2022-04-29,2022,4,0,Friday,Apr,1,0,4,Night,-1
ACC01006,Junagadh,Veraval PS,2024-09-21 12:14:00,23.412438,70.532533,SH-20,National Highway,Fatal,1,0,0,1,2,2,1,0,0,1,Single Vehicle,Bridge,Clear,Night - No Street Light,Poor,Mobile Phone Use,2024-09-21,2024,9,12,Saturday,Sep,3,2,5,Afternoon,9
ACC01007,Ahmedabad,Bapunagar PS,2024-10-10 10:21:00,20.177772,68.675341,Expressway,Rural Road,Fatal,4,1,0,1,0,0,0,0,0,1,Hit & Run,Curve,Hazy,Night - No Street Light,Unknown,Unknown,2024-10-10,2024,10,10,Thursday,Oct,3,1,2,Morning,40
ACC01008,Anand,Vallabh Vidyanagar PS,2024-09-27 00:04:00,23.099333,72.692474,NH-27,District Road,Minor,4,0,0,2,0,0,2,0,0,1,Rear-End,Curve,Hazy,Night - Street Light On,Unknown,Unknown,2024-09-27,2024,9,0,Friday,Sep,1,0,5,Night,-1
ACC01009,Anand,Anand City PS,2024-03-05 16:30:00,20.858879,71.148398,NH-27,State Highway,Damage Only,4,0,0,0,0,0,0,0,0,0,Pedestrian Hit,Flyover,Rainy,Night - Street Light On,Unknown,Unknown,2024-03-05,2024,3,16,Tuesday,Mar,0,0,0,Afternoon,-1
ACC01010,Surat,Adajan PS,2022-11-26 22:36:00,22.55992,71.531589,SH-20,National Highway,Minor,1,0,0,3,0,0,1,0,0,1,Rear-End,Curve,Unknown,Night - No Street Light,Moderate,Drunk Driving,2022-11-26,2022,11,22,Saturday,Nov,1,0,5,Night,32
ACC01011,Gandhinagar,Sector 7 PS,2021-03-05 16:43:00,22.759805,69.569002,NH-53,Rural Road,Minor,4,0,0,2,0,0,1,0,0,1,Head-On,Speed Breaker,Clear,Night - No Street Light,Good,No Helmet,2021-03-05,2021,3,16,Friday,Mar,1,0,4,Afternoon,22
ACC01012,Bhavnagar,Palitana PS,2022-08-05 15:00:00,20.105477,71.635953,Ring Road,Rural Road,Fatal,4,2,1,0,1,1,0,1,1,1,Side Impact,Pothole Area,Cloudy,Dawn/Dusk,Unknown,Mobile Phone Use,2022-08-05,2022,8,15,Friday,Aug,3,4,4,Afternoon,48
ACC01013,Surat,Varachha PS,2022-11-09 01:01:00,21.723815,71.062637,NH-48,State Highway,Grievous,4,0,1,0,0,2,2,0,0,1,Rollover,Junction/Intersection,Hazy,Dawn/Dusk,Moderate,Overloading,2022-11-09,2022,11,1,Wednesday,Nov,2,0,6,Night,70
ACC01014,Bhavnagar,Palitana PS,2022-04-02 10:13:00,21.806424,68.150129,SH-20,Urban Road,Damage Only,2,0,0,0,0,0,0,0,0,0,Side Impact,Speed Breaker,Rainy,Dawn/Dusk,Unknown,Unknown,2022-04-02,2022,4,10,Saturday,Apr,0,0,0,Morning,25
ACC01015,Anand,Khambhat PS,2022-04-26 02:54:00,21.433912,73.454615,SH-41,State Highway,Minor,4,0,0,1,0,0,1,0,0,1,Rollover,Speed Breaker,Cloudy,Night - No Street Light,Poor,No Seatbelt,2022-04-26,2022,4,2,Tuesday,Apr,1,0,3,Night,57
ACC01016,Gandhinagar,Mansa PS,2022-03-30 09:45:00,20.435772,71.955516,Ring Road,National Highway,Minor,4,0,0,2,0,0,0,0,0,1,Rollover,Speed Breaker,Rainy,Night - Street Light On,Poor,Mobile Phone Use,2022-03-30,2022,3,9,Wednesday,Mar,1,0,3,Morning,10
ACC01017,Anand,Khambhat PS,2021-02-05 16:48:00,23.12396,69.020456,NH-48,District Road,Damage Only,3,0,0,0,0,0,0,0,0,0,Rollover,Bridge,Rainy,Dawn/Dusk,Moderate,Unknown,2021-02-05,2021,2,16,Friday,Feb,0,0,0,Afternoon,50
ACC01018,Ahmedabad,Maninagar PS,2021-11-19 03:00:00,23.597145,68.485585,NH-53,District Road,Grievous,3,0,2,0,0,2,2,0,1,1,Head-On,Flyover,Clear,Dawn/Dusk,Poor,Mobile Phone Use,2021-11-19,2021,11,3,Friday,Nov,2,0,8,Night,50
ACC01020,Vadodara,Sayajigunj PS,2022-02-22 23:55:00,24.04897,71.43122,Industrial Road,State Highway,Grievous,4,0,3,0,0,0,2,0,1,0,Hit & Run,Speed Breaker,Foggy,Dawn/Dusk,Good,Unknown,2022-02-22,2022,2,23,Tuesday,Feb,2,0,6,Night,7
ACC01021,Bharuch,Amod PS,2022-09-04 06:16:00,21.924124,68.556618,Airport Road,Urban Road,Minor,2,0,0,3,0,0,2,0,0,0,Rollover,Curve,Foggy,Night - Street Light On,Moderate,No Seatbelt,2022-09-04,2022,9,6,Sunday,Sep,1,0,5,Morning,55
ACC01022,Surat,Katargam PS,2022-02-04 09:29:00,21.319566,68.779023,SH-14,District Road,Fatal,1,0,0,0,2,1,0,1,0,0,Rear-End,Pothole Area,Hazy,Dawn/Dusk,Unknown,Unknown,2022-02-04,2022,2,9,Friday,Feb,3,3,1,Morning,-1
ACC01023,Ahmedabad,Bodakdev PS,2023-06-17 09:04:00,20.966289,69.409388,SH-20,Urban Road,Minor,3,0,0,2,0,0,0,0,0,1,Head-On,Speed Breaker,Foggy,Daylight,Moderate,Signal Jumping,2023-06-17,2023,6,9,Saturday,Jun,1,0,3,Morning,67
ACC01024,Vadodara,Manjalpur PS,2022-11-21 23:55:00,23.590369,68.940902,NH-53,National Highway,Minor,4,0,0,3,0,0,0,0,0,0,Rollover,Straight Road,Rainy,Daylight,Moderate,No Helmet,2022-11-21,2022,11,23,Monday,Nov,1,0,3,Night,50
ACC01025,Rajkot,Rajkot Central PS,2022-04-16 00:14:00,21.978141,72.724598,NH-27,District Road,Fatal,4,0,0,1,1,0,2,1,1,0,Single Vehicle,Flyover,Cloudy,Night - No Street Light,Good,Overloading,2022-04-16,2022,4,0,Saturday,Apr,3,2,4,Night,19
ACC01026,Bharuch,Ankleshwar PS,2021-04-25 02:57:00,21.16182,72.94837,SH-41,District Road,Minor,2,0,0,3,0,0,1,0,0,1,Hit & Run,Straight Road,Rainy,Night - No Street Light,Moderate,Over Speeding,2021-04-25,2021,4,2,Sunday,Apr,1,0,5,Night,19
ACC01027,Ahmedabad,Bapunagar PS,2021-02-03 02:29:00,24.505014,68.934137,NH-48,National Highway,Damage Only,4,0,0,0,0,0,0,0,0,0,Side Impact,Flyover,Unknown,Dawn/Dusk,Poor,Unknown,2021-02-03,2021,2,2,Wednesday,Feb,0,0,0,Night,4
ACC01028,Ahmedabad,Bodakdev PS,2024-08-08 20:44:00,23.894265,72.020481,SH-41,Urban Road,Minor,2,0,0,3,0,0,1,0,0,0,Rollover,Curve,Foggy,Daylight,Unknown,No Helmet,2024-08-08,2024,8,20,Thursday,Aug,1,0,4,Evening,7
ACC01029,Mehsana,Unjha PS,2022-11-27 16:55:00,20.927442,68.35265,Industrial Road,District Road,Minor,2,0,0,1,0,0,1,0,0,0,Pedestrian Hit,Bridge,Cloudy,Night - No Street Light,Poor,Unknown,2022-11-27,2022,11,16,Sunday,Nov,1,0,2,Afternoon,-1
ACC01030,Rajkot,Kalawad PS,2024-03-20 02:50:00,20.697957,68.397022,Airport Road,Urban Road,Minor,1,0,0,3,0,0,0,0,0,1,Hit & Run,Straight Road,Rainy,Night - No Street Light,Unknown,Unknown,2024-03-20,2024,3,2,Wednesday,Mar,1,0,4,Night,-1
ACC01031,Surat,Adajan PS,2022-08-20 22:02:00,24.389649,70.320887,Industrial Road,National Highway,Minor,4,0,0,1,0,0,0,0,0,0,Rollover,Pothole Area,Foggy,Night - Street Light On,Poor,Drunk Driving,2022-08-20,2022,8,22,Saturday,Aug,1,0,1,Night,46
ACC01032,Vadodara,Manjalpur PS,2023-03-06 23:16:00,22.664759,68.235223,SH-41,Urban Road,Minor,3,0,0,3,0,0,1,0,0,1,Side Impact,Straight Road,Cloudy,Night - Street Light On,Unknown,Unknown,2023-03-06,2023,3,23,Monday,Mar,1,0,5,Night,-1