Accident_ID,District,Police_Station,Accident_DateTime,Latitude,Longitude,Road_Name,Road_Classification,Severity,No_of_Vehicles,Drivers_Killed,Drivers_Grievous_Injury,Drivers_Minor_Injury,Passengers_Killed,Passengers_Grievous_Injury,Passengers_Minor_Injury,Pedestrians_Killed,Pedestrians_Grievous_Injury,Pedestrians_Minor_Injury,Collision_Type,Collision_Feature,Weather_Condition,Light_Condition,Visibility,Traffic_Violation,Date,Year,Month,Hour,DayOfWeek,Month_Name,Severity_Score,Total_Killed,Total_Injured,Time_Category,DBSCAN_Cluster
ACC01033,Rajkot,Mavdi PS,2021-01-04 22:34:00,21.030841,70.002864,SH-41,National Highway,Minor,3,0,0,2,0,0,0,0,0,0,Head-On,Flyover,Hazy,Dawn/Dusk,Poor,Over Speeding,2021-01-04,2021,1,22,Monday,Jan,1,0,2,Night,-1
ACC01034,Surat,Varachha PS,2024-06-11 21:24:00,23.248032,72.926359,SH-20,State Highway,Grievous,4,0,3,2,0,0,0,0,1,1,Rear-End,Bridge,Cloudy,Night - No Street Light,Moderate,No Seatbelt,2024-06-11,2024,6,21,Tuesday,Jun,2,0,7,Evening,98
ACC01035,Rajkot,Kalavad Road PS,2022-01-14 14:58:00,21.566971,73.845906,Industrial Road,National Highway,Grievous,1,0,3,0,0,0,0,0,0,1,Rear-End,Unknown,Clear,Dawn/Dusk,Poor,Unknown,2022-01-14,2022,1,14,Friday,Jan,2,0,4,Afternoon,71
ACC01036,Vadodara,Gotri PS,2022-08-09 03:04:00,24.077553,70.68623,NH-48,Urban Road,Minor,2,0,0,2,0,0,2,0,0,0,Rear-End,Junction/Intersection,Unknown,Dawn/Dusk,Moderate,No Seatbelt,2022-08-09,2022,8,3,Tuesday,Aug,1,0,4,Night,23
ACC01037,Anand,Vallabh Vidyanagar PS,2024-06-28 23:18:00,24.488195,70.474994,SH-20,State Highway,Damage Only,2,0,0,0,0,0,0,0,0,0,Single Vehicle,Speed Breaker,Clear,Night - No Street Light,Good,Wrong Side Driving,2024-06-28,2024,6,23,Friday,Jun,0,0,0,Night,46
ACC01038,Ahmedabad,Maninagar PS,2024-09-02 17:48:00,20.300603,73.465506,SH-6,Urban Road,Damage Only,1,0,0,0,0,0,0,0,0,0,Single Vehicle,Straight Road,Unknown,Daylight,Moderate,Signal Jumping,2024-09-02,2024,9,17,Monday,Sep,0,0,0,Afternoon,72
ACC01039,Vadodara,Sayajigunj PS,2023-02-02 23:18:00,24.293804,70.446684,NH-53,State Highway,Minor,1,0,0,1,0,0,2,0,0,0,Pedestrian Hit,Bridge,Hazy,Dawn/Dusk,Unknown,Mobile Phone Use,2023-02-02,2023,2,23,Thursday,Feb,1,0,3,Night,46
ACC01040,Junagadh,Veraval PS,2022-06-21 17:34:00,21.522798,68.941461,SH-41,Rural Road,Minor,4,0,0,1,0,0,1,0,0,1,Single Vehicle,Unknown,Cloudy,Night - Street Light On,Unknown,Overloading,2022-06-21,2022,6,17,Tuesday,Jun,1,0,3,Afternoon,38
ACC01041,Anand,Borsad PS,2022-08-01 12:47:00,23.528637,72.662589,SH-6,National Highway,Fatal,2,1,1,0,0,0,2,0,1,0,Side Impact,Straight Road,Hazy,Night - Street Light On,Unknown,Signal Jumping,2022-08-01,2022,8,12,Monday,Aug,3,1,4,Afternoon,77
ACC01042,Vadodara,Gotri PS,2022-06-03 17:13:00,20.618732,74.007264,Industrial Road,District Road,Damage Only,4,0,0,0,0,0,0,0,0,0,Pedestrian Hit,Flyover,Clear,Daylight,Unknown,Unknown,2022-06-03,2022,6,17,Friday,Jun,0,0,0,Afternoon,65
ACC01043,Vadodara,Manjalpur PS,2024-04-19 19:38:00,21.377351,68.708171,NH-53,District Road,Minor,4,0,0,2,0,0,1,0,0,0,Rollover,Straight Road,Unknown,Daylight,Good,Wrong Side Driving,2024-04-19,2024,4,19,Friday,Apr,1,0,3,Evening,38
ACC01044,Vadodara,Sayajigunj PS,2021-05-08 00:22:00,23.54078,69.318368,Ring Road,National Highway,Minor,3,0,0,1,0,0,2,0,0,0,Rear-End,Straight Road,Foggy,Daylight,Poor,Signal Jumping,2021-05-08,2021,5,0,Saturday,May,1,0,3,Night,50
ACC01045,Junagadh,Junagadh City PS,2022-12-29 17:44:00,22.022477,69.176771,NH-8,Urban Road,Grievous,4,0,2,0,0,0,1,0,0,0,Rollover,Straight Road,Clear,Dawn/Dusk,Unknown,Unknown,2022-12-29,2022,12,17,Thursday,Dec,2,0,3,Afternoon,14
ACC01046,Junagadh,Keshod PS,2023-10-25 19:57:00,23.732177,69.451288,Bypass Road,Urban Road,Damage Only,4,0,0,0,0,0,0,0,0,0,Hit & Run,Straight Road,Hazy,Night - No Street Light,Good,Unknown,2023-10-25,2023,10,19,Wednesday,Oct,0,0,0,Evening,50
ACC01047,Vadodara,Manjalpur PS,2023-07-21 03:15:00,21.501633,68.105169,NH-27,State Highway,Minor,2,0,0,1,0,0,2,0,0,0,Rear-End,Speed Breaker,Rainy,Night - Street Light On,Moderate,Unknown,2023-07-21,2023,7,3,Friday,Jul,1,0,3,Night,85
ACC01048,Bharuch,Ankleshwar PS,2023-08-03 23:38:00,20.391183,72.561957,NH-8,State Highway,Minor,1,0,0,3,0,0,0,0,0,1,Single Vehicle,Straight Road,Cloudy,Dawn/Dusk,Unknown,No Seatbelt,2023-08-03,2023,8,23,Thursday,Aug,1,0,4,Night,88
ACC01049,Bharuch,Amod PS,2021-12-09 00:40:00,22.575841,72.221392,SH-14,District Road,Minor,1,0,0,2,0,0,2,0,0,0,Rear-End,Speed Breaker,Rainy,Dawn/Dusk,Unknown,No Seatbelt,2021-12-09,2021,12,0,Thursday,Dec,1,0,4,Night,35
ACC01050,Bharuch,Amod PS,2023-05-09 18:54:00,21.235969,70.304644,Bypass Road,Urban Road,Grievous,3,0,2,2,0,1,2,0,1,0,Rear-End,Straight Road,Unknown,Night - Street Light On,Unknown,No Seatbelt,2023-05-09,2023,5,18,Tuesday,May,2,0,8,Evening,-1
ACC01051,Bhavnagar,Bhavnagar City PS,2021-10-11 10:28:00,22.937016,73.713988,NH-53,Rural Road,Minor,3,0,0,1,0,0,0,0,0,0,Side Impact,Speed Breaker,Foggy,Dawn/Dusk,Good,Overloading,2021-10-11,2021,10,10,Monday,Oct,1,0,1,Morning,-1
ACC01052,Mehsana,Visnagar PS,2024-07-08 15:09:00,21.995226,74.3812,NH-27,National Highway,Minor,1,0,0,3,0,0,2,0,0,1,Pedestrian Hit,Speed Breaker,Cloudy,Dawn/Dusk,Good,Unknown,2024-07-08,2024,7,15,Monday,Jul,1,0,6,Afternoon,41
ACC01053,Gandhinagar,Kalol PS,2022-06-07 17:22:00,24.012798,69.837538,Airport Road,Urban Road,Grievous,4,0,2,0,0,2,1,0,0,1,Rear-End,Flyover,Hazy,Night - No Street Light,Good,No Seatbelt,2022-06-07,2022,6,17,Tuesday,Jun,2,0,6,Afternoon,-1
ACC01054,Anand,Petlad PS,2024-01-04 17:06:00,21.44765,68.276113,SH-14,Urban Road,Damage Only,3,0,0,0,0,0,0,0,0,0,Side Impact,Unknown,Hazy,Night - Street Light On,Unknown,Over Speeding,2024-01-04,2024,1,17,Thursday,Jan,0,0,0,Afternoon,85
ACC01055,Vadodara,Sayajigunj PS,2021-03-06 05:25:00,22.209932,69.926231,Industrial Road,State Highway,Damage Only,3,0,0,0,0,0,0,0,0,0,Head-On,Unknown,Hazy,Night - Street Light On,Poor,Unknown,2021-03-06,2021,3,5,Saturday,Mar,0,0,0,Night,1
ACC01056,Bharuch,Amod PS,2021-08-02 07:00:00,22.58227,73.612084,NH-8,National Highway,Grievous,1,0,2,2,0,0,1,0,0,0,Head-On,Junction/Intersection,Unknown,Night - Street Light On,Unknown,Mobile Phone Use,2021-08-02,2021,8,7,Monday,Aug,2,0,5,Morning,69
ACC01057,Mehsana,Visnagar PS,2021-01-27 01:00:00,23.226422,72.886565,Ring Road,National Highway,Damage Only,0,0,0,0,0,0,0,0,0,0,Head-On,Flyover,Hazy,Night - No Street Light,Moderate,Over Speeding,2021-01-27,2021,1,1,Wednesday,Jan,0,0,0,Night,98
ACC01058,Anand,Khambhat PS,2021-07-18 17:16:00,20.981277,71.510583,SH-41,Urban Road,Grievous,1,0,2,2,0,1,0,0,0,0,Side Impact,Speed Breaker,Clear,Dawn/Dusk,Good,Unknown,2021-07-18,2021,7,17,Sunday,Jul,2,0,5,Afternoon,62
ACC01059,Ahmedabad,Maninagar PS,2023-05-26 11:56:00,20.318985,69.962446,SH-14,State Highway,Minor,3,0,0,2,0,0,2,0,0,1,Rear-End,Straight Road,Cloudy,Dawn/Dusk,Poor,Unknown,2023-05-26,2023,5,11,Friday,May,1,0,5,Morning,24
ACC01060,Bharuch,Ankleshwar PS,2022-09-09 01:24:00,23.679346,73.834016,Industrial Road,National Highway,Damage Only,2,0,0,0,0,0,0,0,0,0,Rollover,Bridge,Rainy,Night - No Street Light,Unknown,Signal Jumping,2022-09-09,2022,9,1,Friday,Sep,0,0,0,Night,21
ACC01061,Vadodara,Sayajigunj PS,2024-06-01 00:21:00,24.386603,69.95784,NH-8,Urban Road,Minor,3,0,0,3,0,0,1,0,0,1,Head-On,Junction/Intersection,Cloudy,Dawn/Dusk,Poor,Unknown,2024-06-01,2024,6,0,Saturday,Jun,1,0,5,Night,46
ACC01062,Bhavnagar,Sihor PS,2024-05-15 13:20:00,24.001275,71.466579,SH-20,Rural Road,Minor,2,0,0,1,0,0,0,0,0,0,Head-On,Straight Road,Rainy,Night - No Street Light,Poor,No Helmet,2024-05-15,2024,5,13,Wednesday,May,1,0,1,Afternoon,7
ACC01063,Surat,Katargam PS,2023-03-19 04:42:00,20.520461,73.954563,NH-8,Rural Road,Minor,2,0,0,2,0,0,1,0,0,0,Hit & Run,Flyover,Unknown,Night - Street Light On,Unknown,Overloading,2023-03-19,2023,3,4,Sunday,Mar,1,0,3,Night,65
ACC01064,Bhavnagar,Talaja PS,2024-02-13 10:45:00,22.649062,71.782072,SH-14,District Road,Grievous,1,0,2,2,0,1,1,0,1,0,Rear-End,Junction/Intersection,Rainy,Night - No Street Light,Good,No Seatbelt,2024-02-13,2024,2,10,Tuesday,Feb,2,0,7,Morning,-1
ACC01065,Ahmedabad,Naranpura PS,2022-11-20 01:33:00,20.316953,68.684301,Bypass Road,Urban Road,Minor,2,0,0,2,0,0,1,0,0,1,Hit & Run,Bridge,Rainy,Night - No Street Light,Moderate,No Helmet,2022-11-20,2022,11,1,Sunday,Nov,1,0,4,Night,40
ACC01066,Ahmedabad,Bodakdev PS,2021-09-01 11:37:00,23.806577,69.356464,SH-14,National Highway,Fatal,0,1,1,0,0,0,0,0,0,0,Pedestrian Hit,Curve,Clear,Night - No Street Light,Moderate,Overloading,2021-09-01,2021,9,11,Wednesday,Sep,3,1,1,Morning,50
ACC01067,Junagadh,Manavadar PS,2022-01-09 13:59:00,22.282398,69.20302,Airport Road,District Road,Minor,3,0,0,3,0,0,1,0,0,0,Head-On,Curve,Cloudy,Dawn/Dusk,Moderate,Over Speeding,2022-01-09,2022,1,13,Sunday,Jan,1,0,4,Afternoon,14
ACC01068,Bharuch,Bharuch City PS,2022-10-04 05:07:00,21.506356,72.263631,SH-20,Urban Road,Damage Only,1,0,0,0,0,0,0,0,0,0,Single Vehicle,Flyover,Hazy,Daylight,Good,Unknown,2022-10-04,2022,10,5,Tuesday,Oct,0,0,0,Night,6
ACC01069,Bharuch,Vagra PS,2024-11-05 15:12:00,24.09904,72.73189,Bypass Road,National Highway,Minor,2,0,0,1,0,0,1,0,0,0,Single Vehicle,Curve,Hazy,Dawn/Dusk,Good,Mobile Phone Use,2024-11-05,2024,11,15,Tuesday,Nov,1,0,2,Afternoon,94
ACC01070,Bhavnagar,Mahuva PS,2024-03-24 08:56:00,23.751787,73.808022,NH-48,National Highway,Damage Only,3,0,0,0,0,0,0,0,0,0,Rollover,Speed Breaker,Clear,Daylight,Good,Over Speeding,2024-03-24,2024,3,8,Sunday,Mar,0,0,0,Morning,21
ACC01071,Mehsana,Unjha PS,2024-03-28 00:34:00,23.930237,70.244398,NH-27,Urban Road,Minor,3,0,0,2,0,0,0,0,0,1,Single Vehicle,Speed Breaker,Cloudy,Night - No Street Light,Poor,Signal Jumping,2024-03-28,2024,3,0,Thursday,Mar,1,0,3,Night,74
ACC01072,Bhavnagar,Mahuva PS,2023-07-27 18:23:00,22.680784,73.290477,Bypass Road,Urban Road,Grievous,1,0,1,0,0,1,0,0,0,1,Side Impact,Speed Breaker,Foggy,Night - Street Light On,Good,Unknown,2023-07-27,2023,7,18,Thursday,Jul,2,0,3,Evening,-1
ACC01073,Vadodara,Waghodiya PS,2023-12-20 17:12:00,24.273598,68.616281,NH-48,District Road,Damage Only,3,0,0,0,0,0,0,0,0,0,Side Impact,Speed Breaker,Foggy,Night - No Street Light,Poor,Drunk Driving,2023-12-20,2023,12,17,Wednesday,Dec,0,0,0,Afternoon,-1
ACC01074,Rajkot,Kalawad PS,2023-10-14 05:33:00,24.617396,69.248019,SH-6,District Road,Grievous,1,0,3,0,0,2,0,0,0,1,Single Vehicle,Unknown,Hazy,Night - No Street Light,Unknown,Unknown,2023-10-14,2023,10,5,Saturday,Oct,2,0,6,Night,4
ACC01075,Gandhinagar,Mansa PS,2024-03-26 00:56:00,23.494287,73.876595,SH-41,District Road,Damage Only,1,0,0,0,0,0,0,0,0,0,Single Vehicle,Flyover,Rainy,Daylight,Unknown,Overloading,2024-03-26,2024,3,0,Tuesday,Mar,0,0,0,Night,21
ACC01076,Bharuch,Jhagadia PS,2021-10-30 17:55:00,22.045609,73.28561,SH-20,State Highway,Grievous,3,0,1,0,0,1,2,0,0,0,Head-On,Pothole Area,Foggy,Daylight,Unknown,Over Speeding,2021-10-30,2021,10,17,Saturday,Oct,2,0,4,Afternoon,-1
ACC01078,Anand,Anand City PS,2024-03-21 01:44:00,23.901218,73.490187,Expressway,National Highway,Grievous,2,0,2,2,0,1,0,0,1,0,Head-On,Unknown,Foggy,Daylight,Moderate,Mobile Phone Use,2024-03-21,2024,3,1,Thursday,Mar,2,0,6,Night,-1
ACC01079,Junagadh,Porbandar PS,2022-02-26 12:48:00,24.309058,72.448305,Airport Road,National Highway,Grievous,1,0,0,2,0,1,2,0,1,1,Single Vehicle,Speed Breaker,Rainy,Night - Street Light On,Poor,Wrong Side Driving,2022-02-26,2022,2,12,Saturday,Feb,2,0,7,Afternoon,86
ACC01080,Ahmedabad,Chandkheda PS,2024-07-20 09:28:00,20.495362,70.530754,Ring Road,District Road,Minor,1,0,0,2,0,0,1,0,0,0,Rear-End,Speed Breaker,Rainy,Night - No Street Light,Poor,Drunk Driving,2024-07-20,2024,7,9,Saturday,Jul,1,0,3,Morning,26
ACC01081,Anand,Petlad PS,2021-03-29 21:08:00,24.290662,69.244778,NH-48,Urban Road,Minor,3,0,0,1,0,0,1,0,0,0,Pedestrian Hit,Speed Breaker,Cloudy,Dawn/Dusk,Unknown,Over Speeding,2021-03-29,2021,3,21,Monday,Mar,1,0,2,Evening,61
ACC01082,Junagadh,Junagadh City PS,2023-02-13 08:16:00,23.342059,68.32026,NH-27,State Highway,Damage Only,3,0,0,0,0,0,0,0,0,0,Rollover,Bridge,Foggy,Night - Street Light On,Poor,Unknown,2023-02-13,2023,2,8,Monday,Feb,0,0,0,Morning,50
ACC01083,Anand,Khambhat PS,2021-03-29 11:07:00,23.178683,68.952824,SH-6,District Road,Damage Only,1,0,0,0,0,0,0,0,0,0,Head-On,Bridge,Cloudy,Night - Street Light On,Unknown,Signal Jumping,2021-03-29,2021,3,11,Monday,Mar,0,0,0,Morning,50
ACC01084,Gandhinagar,Mansa PS,2024-10-17 08:29:00,23.572898,70.097028,SH-6,District Road,Fatal,3,2,0,0,2,2,2,0,1,1,Head-On,Speed Breaker,Clear,Dawn/Dusk,Unknown,No Seatbelt,2024-10-17,2024,10,8,Thursday,Oct,3,4,6,Morning,9
ACC01085,Gandhinagar,Mansa PS,2022-12-20 03:54:00,23.923328,71.487117,Bypass Road,Urban Road,Grievous,4,0,3,2,0,0,0,0,1,1,Rear-End,Straight Road,Cloudy,Night - No Street Light,Moderate,Over Speeding,2022-12-20,2022,12,3,Tuesday,Dec,2,0,7,Night,7
ACC01086,Surat,Katargam PS,2022-09-17 06:37:00,22.5045,71.208531,Airport Road,Urban Road,Fatal,4,1,1,0,1,0,0,1,0,0,Hit & Run,Pothole Area,Foggy,Night - Street Light On,Moderate,Wrong Side Driving,2022-09-17,2022,9,6,Saturday,Sep,3,3,1,Morning,5
ACC01087,Bhavnagar,Bhavnagar City PS,2022-12-16 06:32:00,24.117399,69.273625,NH-53,National Highway,Damage Only,2,0,0,0,0,0,0,0,0,0,Hit & Run,Junction/Intersection,Rainy,Daylight,Poor,Drunk Driving,2022-12-16,2022,12,6,Friday,Dec,0,0,0,Morning,50
ACC01088,Rajkot,Rajkot Central PS,2024-06-05 01:46:00,22.170967,69.791745,SH-14,State Highway,Damage Only,2,0,0,0,0,0,0,0,0,0,Head-On,Unknown,Unknown,Dawn/Dusk,Poor,Drunk Driving,2024-06-05,2024,6,1,Wednesday,Jun,0,0,0,Night,1
ACC01089,Vadodara,Waghodiya PS,2023-01-31 07:53:00,20.446303,72.601898,SH-14,State Highway,Minor,4,0,0,1,0,0,2,0,0,1,Head-On,Curve,Rainy,Night - No Street Light,Unknown,Over Speeding,2023-01-31,2023,1,7,Tuesday,Jan,1,0,4,Morning,-1
ACC01090,Gandhinagar,Dehgam PS,2023-04-14 06:11:00,20.459392,69.980848,NH-53,Urban Road,Minor,1,0,0,1,0,0,2,0,0,0,Rear-End,Junction/Intersection,Unknown,Night - Street Light On,Moderate,No Seatbelt,2023-04-14,2023,4,6,Friday,Apr,1,0,3,Morning,24
ACC01091,Surat,Katargam PS,2022-09-18 12:33:00,23.262694,71.091814,NH-53,State Highway,Grievous,1,0,3,0,0,0,1,0,1,1,Rollover,Pothole Area,Unknown,Night - Street Light On,Good,Signal Jumping,2022-09-18,2022,9,12,Sunday,Sep,2,0,6,Afternoon,9
ACC01092,Vadodara,Sayajigunj PS,2024-03-15 11:12:00,22.601026,70.235474,Bypass Road,National Highway,Grievous,3,0,1,2,0,1,0,0,1,0,Rollover,Straight Road,Clear,Dawn/Dusk,Moderate,Signal Jumping,2024-03-15,2024,3,11,Friday,Mar,2,0,5,Morning,-1
ACC01093,Ahmedabad,Maninagar PS,2021-03-12 20:28:00,20.530211,73.221881,Industrial Road,Urban Road,Damage Only,2,0,0,0,0,0,0,0,0,0,Head-On,Bridge,Clear,Dawn/Dusk,Unknown,Signal Jumping,2021-03-12,2021,3,20,Friday,Mar,0,0,0,Evening,-1
ACC01094,Ahmedabad,Naranpura PS,2022-06-04 10:55:00,23.65798,73.091787,Bypass Road,Urban Road,Minor,3,0,0,2,0,0,0,0,0,1,Head-On,Speed Breaker,Clear,Dawn/Dusk,Good,Overloading,2022-06-04,2022,6,10,Saturday,Jun,1,0,3,Morning,-1
ACC01095,Surat,Katargam PS,2022-04-07 09:18:00,24.381098,70.371439,NH-27,Urban Road,Minor,3,0,0,1,0,0,0,0,0,0,Single Vehicle,Curve,Foggy,Night - Street Light On,Moderate,Unknown,2022-04-07,2022,4,9,Thursday,Apr,1,0,1,Morning,46
ACC01096,Bhavnagar,Talaja PS,2022-09-17 23:52:00,23.975822,70.467714,NH-48,State Highway,Damage Only,2,0,0,0,0,0,0,0,0,0,Rear-End,Bridge,Unknown,Night - No Street Light,Poor,Drunk Driving,2022-09-17,2022,9,23,Saturday,Sep,0,0,0,Night,23
ACC01097,Vadodara,Manjalpur PS,2023-04-18 02:41:00,23.864369,68.251871,City Road,Urban Road,Minor,4,0,0,1,0,0,0,0,0,0,Rear-End,Junction/Intersection,Unknown,Night - No Street Light,Poor,Drunk Driving,2023-04-18,2023,4,2,Tuesday,Apr,1,0,1,Night,99
ACC01098,Ahmedabad,Bapunagar PS,2024-09-28 03:20:00,22.570311,68.672788,NH-8,National Highway,Minor,4,0,0,3,0,0,1,0,0,1,Hit & Run,Bridge,Unknown,Night - No Street Light,Unknown,Mobile Phone Use,2024-09-28,2024,9,3,Saturday,Sep,1,0,5,Night,15
ACC01099,Vadodara,Fatehgunj PS,2023-08-08 12:03:00,22.400919,70.973975,NH-48,District Road,Damage Only,0,0,0,0,0,0,0,0,0,0,Rollover,Bridge,Unknown,Daylight,Good,Unknown,2023-08-08,2023,8,12,Tuesday,Aug,0,0,0,Afternoon,5
ACC01100,Mehsana,Visnagar PS,2024-06-23 18:08:00,21.483567,71.699068,Expressway,District Road,Grievous,3,0,2,0,0,1,2,0,1,1,Pedestrian Hit,Flyover,Rainy,Dawn/Dusk,Moderate,Wrong Side Driving,2024-06-23,2024,6,18,Sunday,Jun,2,0,7,Evening,34
ACC01101,Mehsana,Mehsana City PS,2023-10-30 05:07:00,24.541135,69.828223,NH-53,Rural Road,Fatal,0,2,1,0,2,0,1,0,0,0,Rear-End,Straight Road,Rainy,Daylight,Moderate,Wrong Side Driving,2023-10-30,2023,10,5,Monday,Oct,3,4,2,Night,-1
ACC01102,Surat,Udhna PS,2021-02-12 00:35:00,21.243867,72.600199,Ring Road,State Highway,Fatal,1,0,0,1,1,2,0,0,1,0,Hit & Run,Straight Road,Hazy,Daylight,Good,Unknown,2021-02-12,2021,2,0,Friday,Feb,3,1,4,Night,19
ACC01103,Bhavnagar,Sihor PS,2022-04-27 04:43:00,24.395567,71.766425,Airport Road,Urban Road,Damage Only,3,0,0,0,0,0,0,0,0,0,Pedestrian Hit,Bridge,Unknown,Daylight,Unknown,Over Speeding,2022-04-27,2022,4,4,Wednesday,Apr,0,0,0,Night,18
ACC01104,Gandhinagar,Dehgam PS,2021-06-18 17:27:00,21.286861,68.419172,Industrial Road,State Highway,Damage Only,4,0,0,0,0,0,0,0,0,0,Pedestrian Hit,Speed Breaker,Hazy,Night - No Street Light,Moderate,Wrong Side Driving,2021-06-18,2021,6,17,Friday,Jun,0,0,0,Afternoon,20
ACC01105,Ahmedabad,Naranpura PS,2022-05-16 14:05:00,22.5076,68.682542,Industrial Road,State Highway,Damage Only,3,0,0,0,0,0,0,0,0,0,Rollover,Pothole Area,Foggy,Night - No Street Light,Moderate,Unknown,2022-05-16,2022,5,14,Monday,May,0,0,0,Afternoon,15
ACC01106,Vadodara,Sayajigunj PS,2022-01-23 20:16:00,23.157761,69.381756,NH-8,Urban Road,Damage Only,3,0,0,0,0,0,0,0,0,0,Rear-End,Bridge,Clear,Dawn/Dusk,Poor,No Seatbelt,2022-01-23,2022,1,20,Sunday,Jan,0,0,0,Evening,50
ACC01107,Gandhinagar,Dehgam PS,2024-12-12 08:55:00,22.131437,68.70159,Airport Road,National Highway,Damage Only,0,0,0,0,0,0,0,0,0,0,Rear-End,Pothole Area,Unknown,Daylight,Moderate,Unknown,2024-12-12,2024,12,8,Thursday,Dec,0,0,0,Morning,-1
ACC01108,Junagadh,Keshod PS,2021-10-10 20:14:00,22.843732,74.19932,NH-53,Urban Road,Grievous,3,0,2,0,0,1,0,0,1,0,Hit & Run,Speed Breaker,Foggy,Daylight,Unknown,Mobile Phone Use,2021-10-10,2021,10,20,Sunday,Oct,2,0,4,Evening,-1
ACC01110,Bharuch,Amod PS,2021-02-06 09:42:00,21.928881,68.483243,Industrial Road,Urban Road,Fatal,0,0,1,0,2,0,0,0,0,0,Rear-End,Junction/Intersection,Cloudy,Dawn/Dusk,Good,Over Speeding,2021-02-06,2021,2,9,Saturday,Feb,3,2,1,Morning,55
ACC01111,Rajkot,Mavdi PS,2024-03-08 23:59:00,20.415761,68.285,SH-14,Urban Road,Minor,2,0,0,3,0,0,1,0,0,1,Rollover,Straight Road,Cloudy,Dawn/Dusk,Unknown,No Helmet,2024-03-08,2024,3,23,Friday,Mar,1,0,5,Night,-1
ACC01112,Anand,Anand City PS,2022-09-18 20:11:00,24.600959,69.478207,City Road,National Highway,Grievous,1,0,2,1,0,2,2,0,1,0,Side Impact,Straight Road,Clear,Daylight,Poor,Wrong Side Driving,2022-09-18,2022,9,20,Sunday,Sep,2,0,8,Evening,4
ACC01113,Mehsana,Unjha PS,2022-06-16 07:22:00,22.040536,70.681944,NH-53,National Highway,Minor,2,0,0,2,0,0,1,0,0,0,Rear-End,Flyover,Clear,Night - Street Light On,Unknown,Unknown,2022-06-16,2022,6,7,Thursday,Jun,1,0,3,Morning,-1
ACC01114,Junagadh,Porbandar PS,2023-05-07 22:51:00,21.714979,70.621193,NH-53,State Highway,Minor,4,0,0,3,0,0,1,0,0,1,Pedestrian Hit,Straight Road,Hazy,Dawn/Dusk,Unknown,Unknown,2023-05-07,2023,5,22,Sunday,May,1,0,5,Night,43
ACC01115,Mehsana,Kadi PS,2021-06-14 21:10:00,23.039915,68.329946,NH-27,State Highway,Grievous,2,0,2,0,0,0,1,0,0,1,Pedestrian Hit,Speed Breaker,Hazy,Dawn/Dusk,Poor,Signal Jumping,2021-06-14,2021,6,21,Monday,Jun,2,0,4,Evening,15
ACC01116,Gandhinagar,Kalol PS,2023-02-14 17:09:00,20.793753,72.114349,SH-41,Urban Road,Fatal,2,0,2,1,1,0,0,1,1,0,Side Impact,Flyover,Foggy,Night - Street Light On,Poor,Mobile Phone Use,2023-02-14,2023,2,17,Tuesday,Feb,3,2,4,Afternoon,-1
ACC01117,Rajkot,Bhaktinagar PS,2024-02-02 02:33:00,21.245757,70.802917,SH-14,Rural Road,Damage Only,3,0,0,0,0,0,0,0,0,0,Rear-End,Speed Breaker,Foggy,Night - Street Light On,Good,Unknown,2024-02-02,2024,2,2,Friday,Feb,0,0,0,Night,-1
ACC01119,Ahmedabad,Maninagar PS,2022-05-22 00:07:00,20.334405,74.09169,Ring Road,Urban Road,Grievous,4,0,1,0,0,0,0,0,0,0,Head-On,Curve,Cloudy,Night - Street Light On,Good,Unknown,2022-05-22,2022,5,0,Sunday,May,2,0,1,Night,65
ACC01120,Ahmedabad,Bapunagar PS,2023-07-04 17:52:00,22.880198,68.605146,NH-8,National Highway,Grievous,1,0,1,0,0,1,2,0,1,0,Side Impact,Unknown,Clear,Night - Street Light On,Poor,Overloading,2023-07-04,2023,7,17,Tuesday,Jul,2,0,5,Afternoon,15
ACC01121,Junagadh,Porbandar PS,2021-04-04 23:06:00,23.585284,69.080205,SH-20,Urban Road,Fatal,3,2,0,1,1,0,2,1,0,0,Single Vehicle,Flyover,Clear,Night - No Street Light,Good,Unknown,2021-04-04,2021,4,23,Sunday,Apr,3,4,3,Night,50
ACC01122,Mehsana,Visnagar PS,2022-04-03 10:33:00,20.649147,69.148747,Airport Road,District Road,Damage Only,0,0,0,0,0,0,0,0,0,0,Single Vehicle,Bridge,Hazy,Daylight,Unknown,Signal Jumping,2022-04-03,2022,4,10,Sunday,Apr,0,0,0,Morning,-1
ACC01123,Bhavnagar,Bhavnagar City PS,2022-04-10 14:07:00,20.586605,72.448634,NH-27,Urban Road,Minor,4,0,0,2,0,0,1,0,0,1,Pedestrian Hit,Flyover,Rainy,Night - Street Light On,Moderate,Unknown,2022-04-10,2022,4,14,Sunday,Apr,1,0,4,Afternoon,88
ACC01124,Ahmedabad,Bapunagar PS,2022-02-10 15:21:00,20.285465,71.625847,NH-27,National Highway,Damage Only,4,0,0,0,0,0,0,0,0,0,Head-On,Junction/Intersection,Hazy,Daylight,Poor,No Helmet,2022-02-10,2022,2,15,Thursday,Feb,0,0,0,Afternoon,0
ACC01125,Junagadh,Junagadh City PS,2021-01-31 05:41:00,24.093382,72.938604,SH-6,District Road,Fatal,4,2,1,1,1,1,2,1,1,0,Hit & Run,Curve,Clear,Dawn/Dusk,Good,No Seatbelt,2021-01-31,2021,1,5,Sunday,Jan,3,4,6,Night,29