Accident_ID,District,Police_Station,Accident_DateTime,Latitude,Longitude,Road_Name,Road_Classification,Severity,No_of_Vehicles,Drivers_Killed,Drivers_Grievous_Injury,Drivers_Minor_Injury,Passengers_Killed,Passengers_Grievous_Injury,Passengers_Minor_Injury,Pedestrians_Killed,Pedestrians_Grievous_Injury,Pedestrians_Minor_Injury,Collision_Type,Collision_Feature,Weather_Condition,Light_Condition,Visibility,Traffic_Violation,Date,Year,Month,Hour,DayOfWeek,Month_Name,Severity_Score,Total_Killed,Total_Injured,Time_Category,DBSCAN_Cluster
ACC01408,Vadodara,Gotri PS,2024-07-21 16:51:00,21.816801,74.308672,Bypass Road,District Road,Minor,3,0,0,1,0,0,1,0,0,0,Pedestrian Hit,Straight Road,Rainy,Dawn/Dusk,Unknown,Mobile Phone Use,2024-07-21,2024,7,16,Sunday,Jul,1,0,2,Afternoon,41
ACC01409,Mehsana,Kadi PS,2022-11-04 01:16:00,23.791812,68.12854,NH-8,District Road,Fatal,3,1,2,1,2,1,1,1,1,1,Rollover,Junction/Intersection,Foggy,Night - Street Light On,Unknown,Wrong Side Driving,2022-11-04,2022,11,1,Friday,Nov,3,4,7,Night,99
ACC01410,Mehsana,Mehsana City PS,2023-04-17 22:06:00,24.025422,73.59475,SH-41,National Highway,Grievous,1,0,1,0,0,1,2,0,0,1,Pedestrian Hit,Straight Road,Clear,Night - No Street Light,Unknown,Drunk Driving,2023-04-17,2023,4,22,Monday,Apr,2,0,5,Night,-1
ACC01411,Bharuch,Vagra PS,2023-09-11 11:26:00,21.598645,68.582414,Expressway,Rural Road,Grievous,3,0,3,1,0,2,2,0,0,0,Rollover,Straight Road,Unknown,Daylight,Unknown,Overloading,2023-09-11,2023,9,11,Monday,Sep,2,0,8,Morning,55
ACC01412,Gandhinagar,Sector 7 PS,2023-01-24 19:56:00,22.100712,68.217473,SH-14,District Road,Grievous,2,0,2,1,0,0,1,0,1,0,Side Impact,Straight Road,Unknown,Night - No Street Light,Unknown,No Seatbelt,2023-01-24,2023,1,19,Tuesday,Jan,2,0,5,Evening,25
ACC01413,Vadodara,Gotri PS,2023-06-10 02:30:00,22.570473,70.186139,Bypass Road,State Highway,Damage Only,2,0,0,0,0,0,0,0,0,0,Head-On,Straight Road,Rainy,Night - No Street Light,Good,Unknown,2023-06-10,2023,6,2,Saturday,Jun,0,0,0,Night,-1
ACC01414,Junagadh,Veraval PS,2024-12-16 15:27:00,23.575622,69.995383,NH-8,Urban Road,Fatal,1,2,2,1,1,0,1,0,0,0,Head-On,Flyover,Rainy,Night - No Street Light,Moderate,No Seatbelt,2024-12-16,2024,12,15,Monday,Dec,3,3,4,Afternoon,9
ACC01415,Surat,Udhna PS,2021-10-17 14:35:00,22.864978,73.181029,City Road,State Highway,Fatal,4,1,0,1,2,1,0,1,1,1,Rear-End,Unknown,Foggy,Night - No Street Light,Moderate,Overloading,2021-10-17,2021,10,14,Sunday,Oct,3,4,4,Afternoon,101
ACC01416,Vadodara,Sayajigunj PS,2022-02-02 23:27:00,21.498605,72.061869,SH-14,District Road,Minor,1,0,0,3,0,0,0,0,0,0,Hit & Run,Speed Breaker,Cloudy,Night - Street Light On,Moderate,Drunk Driving,2022-02-02,2022,2,23,Wednesday,Feb,1,0,3,Night,34
ACC01417,Rajkot,Kalavad Road PS,2023-06-20 21:26:00,23.384696,68.401248,SH-6,National Highway,Grievous,4,0,1,1,0,1,2,0,1,0,Pedestrian Hit,Bridge,Foggy,Night - No Street Light,Poor,Overloading,2023-06-20,2023,6,21,Tuesday,Jun,2,0,6,Evening,50
ACC01418,Rajkot,Kalawad PS,2023-06-30 17:20:00,22.443425,71.591888,Industrial Road,State Highway,Damage Only,3,0,0,0,0,0,0,0,0,0,Hit & Run,Junction/Intersection,Cloudy,Night - No Street Light,Poor,Unknown,2023-06-30,2023,6,17,Friday,Jun,0,0,0,Afternoon,32
ACC01419,Rajkot,Kalavad Road PS,2023-10-26 22:21:00,21.729051,72.824399,NH-8,Rural Road,Fatal,4,1,0,1,2,0,1,1,1,0,Side Impact,Flyover,Clear,Night - Street Light On,Unknown,No Seatbelt,2023-10-26,2023,10,22,Thursday,Oct,3,4,3,Night,19
ACC01420,Anand,Borsad PS,2022-12-28 02:19:00,21.713368,68.578998,NH-8,Urban Road,Grievous,1,0,2,2,0,0,2,0,1,0,Hit & Run,Pothole Area,Rainy,Daylight,Good,Over Speeding,2022-12-28,2022,12,2,Wednesday,Dec,2,0,7,Night,55
ACC01421,Anand,Khambhat PS,2023-11-03 04:15:00,23.422817,71.409603,NH-8,State Highway,Minor,2,0,0,3,0,0,0,0,0,1,Side Impact,Bridge,Foggy,Night - Street Light On,Poor,Signal Jumping,2023-11-03,2023,11,4,Friday,Nov,1,0,4,Night,11
ACC01422,Anand,Anand City PS,2024-07-16 21:58:00,23.608382,68.331961,Bypass Road,Rural Road,Damage Only,2,0,0,0,0,0,0,0,0,0,Head-On,Speed Breaker,Unknown,Daylight,Good,Over Speeding,2024-07-16,2024,7,21,Tuesday,Jul,0,0,0,Evening,16
ACC01423,Gandhinagar,Dehgam PS,2024-09-25 11:52:00,20.461856,71.866481,Industrial Road,District Road,Grievous,1,0,2,2,0,0,2,0,1,1,Rollover,Flyover,Foggy,Daylight,Good,Unknown,2024-09-25,2024,9,11,Wednesday,Sep,2,0,8,Morning,10
ACC01424,Anand,Borsad PS,2021-06-06 09:46:00,22.163916,71.317578,NH-8,Urban Road,Grievous,4,0,3,1,0,1,2,0,0,0,Single Vehicle,Bridge,Unknown,Daylight,Poor,Overloading,2021-06-06,2021,6,9,Sunday,Jun,2,0,7,Morning,32
ACC01426,Surat,Varachha PS,2022-07-24 15:43:00,22.561138,69.080066,SH-14,Urban Road,Grievous,3,0,2,1,0,0,1,0,0,0,Head-On,Curve,Clear,Dawn/Dusk,Unknown,Over Speeding,2022-07-24,2022,7,15,Sunday,Jul,2,0,4,Afternoon,-1
ACC01427,Gandhinagar,Kalol PS,2023-10-22 10:10:00,21.476468,68.907674,SH-6,National Highway,Damage Only,4,0,0,0,0,0,0,0,0,0,Side Impact,Junction/Intersection,Clear,Daylight,Moderate,Wrong Side Driving,2023-10-22,2023,10,10,Sunday,Oct,0,0,0,Morning,38
ACC01428,Rajkot,Kalavad Road PS,2021-06-18 17:58:00,23.318534,70.705805,SH-41,National Highway,Minor,3,0,0,1,0,0,2,0,0,0,Pedestrian Hit,Junction/Intersection,Clear,Night - Street Light On,Good,Wrong Side Driving,2021-06-18,2021,6,17,Friday,Jun,1,0,3,Afternoon,9
ACC01429,Surat,Katargam PS,2022-12-29 16:23:00,24.243229,72.96641,Airport Road,State Highway,Fatal,4,2,2,1,2,0,2,1,0,1,Pedestrian Hit,Curve,Hazy,Night - No Street Light,Moderate,Drunk Driving,2022-12-29,2022,12,16,Thursday,Dec,3,5,6,Afternoon,-1
ACC01430,Vadodara,Gotri PS,2023-02-08 10:23:00,23.961715,68.796793,Bypass Road,National Highway,Grievous,2,0,3,1,0,0,2,0,0,0,Side Impact,Curve,Rainy,Night - Street Light On,Good,Unknown,2023-02-08,2023,2,10,Wednesday,Feb,2,0,6,Morning,-1
ACC01431,Rajkot,Bhaktinagar PS,2021-05-14 08:55:00,21.291932,74.286786,NH-53,Urban Road,Grievous,1,0,3,2,0,0,0,0,1,0,Side Impact,Straight Road,Unknown,Night - No Street Light,Unknown,Wrong Side Driving,2021-05-14,2021,5,8,Friday,May,2,0,6,Morning,83
ACC01432,Vadodara,Manjalpur PS,2022-01-31 09:05:00,21.460326,69.338844,NH-27,Rural Road,Minor,3,0,0,1,0,0,0,0,0,0,Side Impact,Junction/Intersection,Foggy,Night - Street Light On,Good,Drunk Driving,2022-01-31,2022,1,9,Monday,Jan,1,0,1,Morning,38
ACC01433,Surat,Varachha PS,2022-08-31 00:28:00,20.504574,73.730331,Industrial Road,State Highway,Minor,4,0,0,2,0,0,0,0,0,1,Single Vehicle,Speed Breaker,Hazy,Night - No Street Light,Poor,No Helmet,2022-08-31,2022,8,0,Wednesday,Aug,1,0,3,Night,87
ACC01434,Rajkot,Kalavad Road PS,2022-10-29 09:07:00,23.513119,71.823377,NH-53,District Road,Minor,1,0,0,2,0,0,1,0,0,0,Hit & Run,Flyover,Hazy,Night - No Street Light,Poor,Signal Jumping,2022-10-29,2022,10,9,Saturday,Oct,1,0,3,Morning,78
ACC01435,Bhavnagar,Bhavnagar City PS,2021-02-16 13:06:00,23.54178,70.497373,Industrial Road,State Highway,Grievous,3,0,3,0,0,1,0,0,1,0,Head-On,Unknown,Unknown,Night - Street Light On,Moderate,Unknown,2021-02-16,2021,2,13,Tuesday,Feb,2,0,5,Afternoon,9
ACC01436,Junagadh,Keshod PS,2021-11-08 21:05:00,22.396418,70.633283,City Road,Urban Road,Damage Only,2,0,0,0,0,0,0,0,0,0,Pedestrian Hit,Speed Breaker,Hazy,Dawn/Dusk,Moderate,Over Speeding,2021-11-08,2021,11,21,Monday,Nov,0,0,0,Evening,-1
ACC01437,Gandhinagar,Kalol PS,2024-03-19 22:05:00,20.151163,68.97666,NH-8,Urban Road,Minor,4,0,0,1,0,0,2,0,0,0,Single Vehicle,Pothole Area,Foggy,Dawn/Dusk,Moderate,Signal Jumping,2024-03-19,2024,3,22,Tuesday,Mar,1,0,3,Night,107
ACC01438,Vadodara,Fatehgunj PS,2021-03-04 01:41:00,24.299197,70.239482,Bypass Road,Urban Road,Minor,3,0,0,1,0,0,1,0,0,1,Single Vehicle,Flyover,Rainy,Dawn/Dusk,Good,Signal Jumping,2021-03-04,2021,3,1,Thursday,Mar,1,0,3,Night,46
ACC01439,Vadodara,Sayajigunj PS,2022-11-10 21:32:00,23.793072,73.95741,City Road,District Road,Grievous,1,0,1,0,0,0,1,0,1,1,Rollover,Flyover,Cloudy,Daylight,Poor,Unknown,2022-11-10,2022,11,21,Thursday,Nov,2,0,4,Evening,21
ACC01440,Gandhinagar,Kalol PS,2022-06-24 14:51:00,24.606759,68.362446,Industrial Road,District Road,Grievous,3,0,1,0,0,1,0,0,1,1,Head-On,Straight Road,Unknown,Night - No Street Light,Unknown,No Seatbelt,2022-06-24,2022,6,14,Friday,Jun,2,0,4,Afternoon,90
ACC01441,Anand,Vallabh Vidyanagar PS,2022-03-28 16:35:00,22.439832,72.686433,Ring Road,State Highway,Damage Only,4,0,0,0,0,0,0,0,0,0,Side Impact,Speed Breaker,Hazy,Night - Street Light On,Good,Wrong Side Driving,2022-03-28,2022,3,16,Monday,Mar,0,0,0,Afternoon,73
ACC01442,Surat,Adajan PS,2024-08-18 04:56:00,23.979391,68.655561,NH-27,State Highway,Fatal,4,2,2,0,1,0,2,1,0,0,Pedestrian Hit,Curve,Hazy,Dawn/Dusk,Good,Mobile Phone Use,2024-08-18,2024,8,4,Sunday,Aug,3,4,4,Night,-1
ACC01443,Rajkot,Kalavad Road PS,2021-09-06 23:46:00,24.675979,74.339069,SH-20,National Highway,Damage Only,1,0,0,0,0,0,0,0,0,0,Single Vehicle,Curve,Unknown,Night - No Street Light,Poor,Drunk Driving,2021-09-06,2021,9,23,Monday,Sep,0,0,0,Night,-1
ACC01444,Gandhinagar,Kalol PS,2024-02-28 23:03:00,21.173449,71.633004,Industrial Road,District Road,Minor,1,0,0,3,0,0,1,0,0,0,Side Impact,Pothole Area,Cloudy,Dawn/Dusk,Moderate,Unknown,2024-02-28,2024,2,23,Wednesday,Feb,1,0,4,Night,-1
ACC01445,Vadodara,Manjalpur PS,2023-10-08 00:51:00,24.076845,70.645276,City Road,Urban Road,Damage Only,2,0,0,0,0,0,0,0,0,0,Rollover,Bridge,Foggy,Dawn/Dusk,Moderate,Unknown,2023-10-08,2023,10,0,Sunday,Oct,0,0,0,Night,23
ACC01446,Bharuch,Amod PS,2024-09-20 05:55:00,22.517471,71.480084,NH-48,State Highway,Minor,2,0,0,1,0,0,1,0,0,1,Pedestrian Hit,Speed Breaker,Rainy,Night - Street Light On,Moderate,No Helmet,2024-09-20,2024,9,5,Friday,Sep,1,0,3,Night,32
ACC01447,Anand,Petlad PS,2022-09-03 21:53:00,24.27058,71.265005,Industrial Road,Urban Road,Minor,3,0,0,3,0,0,1,0,0,0,Hit & Run,Flyover,Hazy,Night - Street Light On,Unknown,Mobile Phone Use,2022-09-03,2022,9,21,Saturday,Sep,1,0,4,Evening,-1
ACC01448,Bharuch,Ankleshwar PS,2021-06-12 07:22:00,20.47334,73.752506,City Road,National Highway,Damage Only,4,0,0,0,0,0,0,0,0,0,Pedestrian Hit,Speed Breaker,Unknown,Night - Street Light On,Unknown,Mobile Phone Use,2021-06-12,2021,6,7,Saturday,Jun,0,0,0,Morning,87
ACC01449,Gandhinagar,Sector 21 PS,2024-11-05 02:45:00,24.565369,73.690132,NH-53,District Road,Grievous,3,0,1,1,0,2,1,0,1,1,Hit & Run,Flyover,Clear,Daylight,Unknown,No Seatbelt,2024-11-05,2024,11,2,Tuesday,Nov,2,0,7,Night,-1
ACC01450,Bharuch,Bharuch City PS,2023-01-04 20:27:00,20.613325,71.435147,Ring Road,State Highway,Fatal,2,0,0,0,0,2,0,1,1,1,Rear-End,Straight Road,Clear,Night - Street Light On,Poor,Unknown,2023-01-04,2023,1,20,Wednesday,Jan,3,1,4,Evening,0
ACC01451,Vadodara,Fatehgunj PS,2022-07-30 04:08:00,23.592893,69.454289,NH-8,National Highway,Minor,3,0,0,2,0,0,2,0,0,0,Single Vehicle,Bridge,Cloudy,Dawn/Dusk,Good,Unknown,2022-07-30,2022,7,4,Saturday,Jul,1,0,4,Night,50
ACC01452,Ahmedabad,Bapunagar PS,2021-03-10 08:00:00,21.004061,68.131551,SH-41,National Highway,Minor,4,0,0,2,0,0,0,0,0,1,Pedestrian Hit,Curve,Cloudy,Night - Street Light On,Poor,Unknown,2021-03-10,2021,3,8,Wednesday,Mar,1,0,3,Morning,47
ACC01453,Ahmedabad,Chandkheda PS,2022-10-31 08:17:00,20.172554,69.071719,Ring Road,District Road,Fatal,2,1,2,1,0,1,0,0,0,1,Head-On,Bridge,Cloudy,Night - No Street Light,Unknown,Unknown,2022-10-31,2022,10,8,Monday,Oct,3,1,5,Morning,107
ACC01454,Ahmedabad,Bapunagar PS,2024-11-15 04:45:00,24.614755,72.754981,City Road,Rural Road,Grievous,3,0,3,1,0,2,2,0,0,0,Rear-End,Junction/Intersection,Unknown,Daylight,Moderate,Drunk Driving,2024-11-15,2024,11,4,Friday,Nov,2,0,8,Night,75
ACC01455,Surat,Adajan PS,2023-07-19 10:55:00,20.738295,70.533547,Ring Road,State Highway,Grievous,0,0,3,1,0,0,1,0,0,1,Side Impact,Speed Breaker,Foggy,Dawn/Dusk,Unknown,Unknown,2023-07-19,2023,7,10,Wednesday,Jul,2,0,6,Morning,39
ACC01456,Mehsana,Visnagar PS,2021-06-18 21:50:00,23.30605,71.925044,NH-27,State Highway,Fatal,1,1,0,1,2,0,2,0,1,1,Hit & Run,Junction/Intersection,Clear,Night - Street Light On,Poor,Mobile Phone Use,2021-06-18,2021,6,21,Friday,Jun,3,3,5,Evening,3
ACC01457,Bhavnagar,Mahuva PS,2021-12-31 16:48:00,21.224871,70.218968,Industrial Road,Urban Road,Damage Only,1,0,0,0,0,0,0,0,0,0,Hit & Run,Bridge,Cloudy,Night - No Street Light,Unknown,No Helmet,2021-12-31,2021,12,16,Friday,Dec,0,0,0,Afternoon,-1
ACC01458,Mehsana,Mehsana City PS,2023-01-11 10:19:00,21.31129,69.424555,SH-41,State Highway,Minor,3,0,0,2,0,0,2,0,0,0,Side Impact,Flyover,Cloudy,Dawn/Dusk,Unknown,Drunk Driving,2023-01-11,2023,1,10,Wednesday,Jan,1,0,4,Morning,-1
ACC01459,Vadodara,Sayajigunj PS,2024-04-07 08:49:00,24.228936,74.063636,Expressway,Urban Road,Damage Only,4,0,0,0,0,0,0,0,0,0,Rear-End,Straight Road,Foggy,Night - Street Light On,Poor,Unknown,2024-04-07,2024,4,8,Sunday,Apr,0,0,0,Morning,58
ACC01460,Mehsana,Mehsana City PS,2021-04-15 21:03:00,24.468835,71.012765,SH-41,State Highway,Grievous,3,0,3,2,0,0,1,0,1,0,Rear-End,Speed Breaker,Foggy,Night - Street Light On,Good,Unknown,2021-04-15,2021,4,21,Thursday,Apr,2,0,7,Evening,-1
ACC01461,Bharuch,Vagra PS,2023-10-22 10:25:00,21.126954,74.188344,City Road,State Highway,Minor,2,0,0,3,0,0,2,0,0,1,Hit & Run,Bridge,Hazy,Night - No Street Light,Poor,Overloading,2023-10-22,2023,10,10,Sunday,Oct,1,0,6,Morning,83
ACC01463,Vadodara,Gotri PS,2022-06-22 20:40:00,20.989717,69.444451,Expressway,State Highway,Damage Only,1,0,0,0,0,0,0,0,0,0,Single Vehicle,Pothole Area,Foggy,Dawn/Dusk,Good,Mobile Phone Use,2022-06-22,2022,6,20,Wednesday,Jun,0,0,0,Evening,67
ACC01464,Mehsana,Mehsana City PS,2022-05-31 12:51:00,24.588696,68.704901,Expressway,Urban Road,Damage Only,0,0,0,0,0,0,0,0,0,0,Hit & Run,Bridge,Unknown,Night - Street Light On,Poor,Drunk Driving,2022-05-31,2022,5,12,Tuesday,May,0,0,0,Afternoon,4
ACC01465,Bharuch,Amod PS,2022-11-28 01:33:00,22.396843,72.597473,Ring Road,Urban Road,Grievous,1,0,2,1,0,2,2,0,0,0,Head-On,Straight Road,Rainy,Dawn/Dusk,Good,Over Speeding,2022-11-28,2022,11,1,Monday,Nov,2,0,7,Night,73
ACC01466,Ahmedabad,Bodakdev PS,2021-03-14 12:29:00,23.072547,71.179952,Ring Road,District Road,Minor,2,0,0,1,0,0,2,0,0,1,Single Vehicle,Speed Breaker,Foggy,Night - No Street Light,Good,No Seatbelt,2021-03-14,2021,3,12,Sunday,Mar,1,0,4,Afternoon,-1
ACC01467,Bhavnagar,Sihor PS,2024-09-23 17:49:00,22.792735,72.364192,SH-20,National Highway,Minor,4,0,0,1,0,0,0,0,0,0,Rear-End,Bridge,Rainy,Night - No Street Light,Poor,Unknown,2024-09-23,2024,9,17,Monday,Sep,1,0,1,Afternoon,27
ACC01468,Mehsana,Unjha PS,2021-09-30 17:34:00,23.683816,69.552049,SH-20,Urban Road,Grievous,2,0,3,0,0,1,0,0,1,0,Pedestrian Hit,Curve,Hazy,Daylight,Good,Mobile Phone Use,2021-09-30,2021,9,17,Thursday,Sep,2,0,5,Afternoon,50
ACC01469,Gandhinagar,Dehgam PS,2022-04-10 13:25:00,24.345267,72.587285,Expressway,Urban Road,Minor,1,0,0,3,0,0,0,0,0,1,Rollover,Flyover,Clear,Night - No Street Light,Good,Wrong Side Driving,2022-04-10,2022,4,13,Sunday,Apr,1,0,4,Afternoon,86
ACC01470,Rajkot,Kalavad Road PS,2024-07-11 13:53:00,23.843292,68.258696,NH-53,Rural Road,Fatal,3,2,1,1,0,0,2,0,0,0,Pedestrian Hit,Pothole Area,Cloudy,Night - Street Light On,Unknown,Unknown,2024-07-11,2024,7,13,Thursday,Jul,3,2,4,Afternoon,99
ACC01471,Vadodara,Fatehgunj PS,2021-12-07 02:16:00,20.8654,73.172155,NH-27,State Highway,Minor,3,0,0,2,0,0,1,0,0,1,Head-On,Flyover,Unknown,Night - Street Light On,Poor,Unknown,2021-12-07,2021,12,2,Tuesday,Dec,1,0,4,Night,-1
ACC01472,Gandhinagar,Mansa PS,2023-02-13 11:44:00,21.82401,69.865033,NH-27,State Highway,Minor,4,0,0,2,0,0,0,0,0,0,Head-On,Flyover,Unknown,Night - No Street Light,Good,Wrong Side Driving,2023-02-13,2023,2,11,Monday,Feb,1,0,2,Morning,1
ACC01473,Bharuch,Ankleshwar PS,2021-04-29 06:35:00,23.059954,71.836606,Bypass Road,Urban Road,Fatal,3,1,2,1,0,0,0,1,0,0,Pedestrian Hit,Bridge,Hazy,Night - No Street Light,Good,Unknown,2021-04-29,2021,4,6,Thursday,Apr,3,2,3,Morning,3
ACC01474,Gandhinagar,Dehgam PS,2022-05-15 06:15:00,24.583977,68.80114,Bypass Road,District Road,Minor,4,0,0,2,0,0,1,0,0,1,Rear-End,Bridge,Clear,Night - Street Light On,Good,Unknown,2022-05-15,2022,5,6,Sunday,May,1,0,4,Morning,4
ACC01475,Mehsana,Mehsana City PS,2024-03-19 00:26:00,22.322575,71.523817,NH-8,State Highway,Damage Only,4,0,0,0,0,0,0,0,0,0,Hit & Run,Pothole Area,Hazy,Night - No Street Light,Good,Overloading,2024-03-19,2024,3,0,Tuesday,Mar,0,0,0,Night,32
ACC01476,Mehsana,Mehsana City PS,2024-07-27 13:11:00,22.395343,71.537281,SH-41,Urban Road,Minor,4,0,0,3,0,0,0,0,0,0,Rollover,Straight Road,Unknown,Night - No Street Light,Good,Unknown,2024-07-27,2024,7,13,Saturday,Jul,1,0,3,Afternoon,32
ACC01477,Rajkot,Mavdi PS,2023-03-04 09:41:00,21.942786,71.04379,NH-27,Urban Road,Minor,1,0,0,2,0,0,1,0,0,0,Rollover,Bridge,Clear,Night - No Street Light,Moderate,Unknown,2023-03-04,2023,3,9,Saturday,Mar,1,0,3,Morning,-1
ACC01478,Bhavnagar,Palitana PS,2024-08-14 00:14:00,21.646948,68.821304,Industrial Road,Rural Road,Minor,1,0,0,1,0,0,1,0,0,0,Hit & Run,Straight Road,Hazy,Daylight,Poor,Unknown,2024-08-14,2024,8,0,Wednesday,Aug,1,0,2,Night,38
ACC01479,Bhavnagar,Palitana PS,2023-08-10 00:29:00,20.642182,69.653598,Industrial Road,Urban Road,Damage Only,4,0,0,0,0,0,0,0,0,0,Rear-End,Bridge,Unknown,Night - Street Light On,Poor,Signal Jumping,2023-08-10,2023,8,0,Thursday,Aug,0,0,0,Night,95
ACC01480,Surat,Katargam PS,2021-12-23 03:27:00,24.374422,72.559386,Bypass Road,State Highway,Damage Only,0,0,0,0,0,0,0,0,0,0,Side Impact,Speed Breaker,Clear,Night - Street Light On,Moderate,Wrong Side Driving,2021-12-23,2021,12,3,Thursday,Dec,0,0,0,Night,86
ACC01481,Junagadh,Keshod PS,2023-10-29 09:12:00,22.959165,70.671998,Bypass Road,National Highway,Grievous,3,0,3,1,0,2,0,0,0,1,Rear-End,Junction/Intersection,Clear,Dawn/Dusk,Poor,No Helmet,2023-10-29,2023,10,9,Sunday,Oct,2,0,7,Morning,9
ACC01482,Surat,Katargam PS,2021-06-16 09:03:00,23.619723,71.521403,SH-6,State Highway,Damage Only,3,0,0,0,0,0,0,0,0,0,Head-On,Junction/Intersection,Hazy,Dawn/Dusk,Good,Wrong Side Driving,2021-06-16,2021,6,9,Wednesday,Jun,0,0,0,Morning,-1
ACC01483,Bhavnagar,Palitana PS,2021-07-24 15:59:00,24.042293,69.311147,SH-20,Urban Road,Minor,0,0,0,3,0,0,1,0,0,0,Hit & Run,Straight Road,Hazy,Night - No Street Light,Good,Signal Jumping,2021-07-24,2021,7,15,Saturday,Jul,1,0,4,Afternoon,50
ACC01484,Bharuch,Bharuch City PS,2023-03-15 08:34:00,23.599524,71.820759,SH-6,Urban Road,Minor,4,0,0,2,0,0,2,0,0,1,Rear-End,Speed Breaker,Foggy,Daylight,Unknown,No Seatbelt,2023-03-15,2023,3,8,Wednesday,Mar,1,0,5,Morning,78
ACC01485,Surat,Udhna PS,2023-03-06 08:14:00,24.432015,72.600759,Industrial Road,Rural Road,Minor,4,0,0,1,0,0,0,0,0,0,Pedestrian Hit,Pothole Area,Unknown,Night - Street Light On,Good,Unknown,2023-03-06,2023,3,8,Monday,Mar,1,0,1,Morning,86
ACC01486,Rajkot,Mavdi PS,2022-06-26 18:50:00,23.912099,70.199985,NH-8,State Highway,Grievous,3,0,1,2,0,1,2,0,0,1,Hit & Run,Junction/Intersection,Foggy,Daylight,Good,Mobile Phone Use,2022-06-26,2022,6,18,Sunday,Jun,2,0,7,Evening,74
ACC01488,Surat,Adajan PS,2024-03-25 15:25:00,22.168045,72.782032,Ring Road,State Highway,Fatal,4,2,2,1,2,1,1,0,0,0,Side Impact,Speed Breaker,Hazy,Dawn/Dusk,Moderate,Signal Jumping,2024-03-25,2024,3,15,Monday,Mar,3,4,5,Afternoon,59
ACC01489,Bhavnagar,Bhavnagar City PS,2024-05-31 16:16:00,21.849038,72.772351,NH-48,Urban Road,Fatal,2,2,0,1,0,1,0,1,1,1,Pedestrian Hit,Pothole Area,Hazy,Night - Street Light On,Unknown,Drunk Driving,2024-05-31,2024,5,16,Friday,May,3,3,4,Afternoon,19
ACC01490,Mehsana,Patan PS,2023-02-07 14:02:00,21.043555,73.300111,NH-53,Urban Road,Damage Only,1,0,0,0,0,0,0,0,0,0,Hit & Run,Bridge,Hazy,Night - Street Light On,Unknown,Drunk Driving,2023-02-07,2023,2,14,Tuesday,Feb,0,0,0,Afternoon,-1
ACC01491,Surat,Adajan PS,2022-05-04 11:07:00,22.84654,72.26234,NH-48,State Highway,Grievous,2,0,3,0,0,0,0,0,0,0,Hit & Run,Pothole Area,Rainy,Night - No Street Light,Moderate,Signal Jumping,2022-05-04,2022,5,11,Wednesday,May,2,0,3,Morning,27
ACC01492,Bhavnagar,Mahuva PS,2022-04-16 08:17:00,23.722491,73.704461,SH-41,Urban Road,Damage Only,1,0,0,0,0,0,0,0,0,0,Pedestrian Hit,Bridge,Hazy,Night - No Street Light,Moderate,Unknown,2022-04-16,2022,4,8,Saturday,Apr,0,0,0,Morning,21
ACC01493,Anand,Petlad PS,2022-12-06 20:08:00,22.113172,70.135648,NH-53,District Road,Damage Only,1,0,0,0,0,0,0,0,0,0,Rollover,Curve,Hazy,Night - No Street Light,Moderate,Overloading,2022-12-06,2022,12,20,Tuesday,Dec,0,0,0,Evening,1
ACC01494,Surat,Adajan PS,2022-06-27 08:33:00,22.656158,71.116922,SH-20,National Highway,Minor,0,0,0,2,0,0,1,0,0,0,Rear-End,Speed Breaker,Unknown,Daylight,Poor,Signal Jumping,2022-06-27,2022,6,8,Monday,Jun,1,0,3,Morning,5
ACC01495,Junagadh,Junagadh City PS,2022-10-26 07:28:00,24.669446,70.40053,NH-8,Urban Road,Damage Only,2,0,0,0,0,0,0,0,0,0,Head-On,Flyover,Cloudy,Dawn/Dusk,Unknown,Over Speeding,2022-10-26,2022,10,7,Wednesday,Oct,0,0,0,Morning,46
ACC01496,Surat,Katargam PS,2024-04-23 04:10:00,24.183483,68.315351,NH-27,National Highway,Damage Only,2,0,0,0,0,0,0,0,0,0,Rollover,Junction/Intersection,Hazy,Dawn/Dusk,Unknown,Wrong Side Driving,2024-04-23,2024,4,4,Tuesday,Apr,0,0,0,Night,96
ACC01497,Junagadh,Porbandar PS,2024-03-04 16:49:00,24.330554,69.378791,NH-8,District Road,Grievous,0,0,1,2,0,2,0,0,1,1,Single Vehicle,Flyover,Rainy,Night - No Street Light,Poor,No Seatbelt,2024-03-04,2024,3,16,Monday,Mar,2,0,7,Afternoon,-1
ACC01498,Gandhinagar,Sector 21 PS,2023-05-25 00:15:00,20.940656,68.141764,NH-48,National Highway,Damage Only,3,0,0,0,0,0,0,0,0,0,Head-On,Pothole Area,Clear,Night - Street Light On,Unknown,Mobile Phone Use,2023-05-25,2023,5,0,Thursday,May,0,0,0,Night,47
ACC01499,Ahmedabad,Maninagar PS,2021-02-13 04:43:00,23.335218,68.618295,Bypass Road,National Highway,Grievous,4,0,1,2,0,2,2,0,0,0,Side Impact,Junction/Intersection,Clear,Dawn/Dusk,Poor,Unknown,2021-02-13,2021,2,4,Saturday,Feb,2,0,7,Night,50